zeit,markt,bid,ask,mid,spread_bps,bid_eur,ask_eur,tiefe_bid_50bp,tiefe_ask_50bp,tiefe_bid_100bp,tiefe_ask_100bp,slip_kauf_100,slip_kauf_500,slip_kauf_2000,slip_verk_100,slip_verk_500,slip_verk_2000
2026-10-07T06:41:33+00:00,BTC-EUR,75132.0,75133.0,75132.5,0.13,1063.43,19408.28,1955522.16,1963862.32,2222834.27,2041499.06,0.07,0.07,0.07,0.07,0.07,0.19
2026-10-07T06:41:33+00:00,XRP-EUR,1.31515,1.31516,1.315155,0.08,40502.74,2901.21,746018.21,647038.96,1168247.38,1163110.37,0.04,0.04,0.04,0.04,0.04,0.04
2026-10-07T06:41:33+00:00,ADA-EUR,0.23122,0.23151,0.231365,12.53,6002.47,5852.57,160157.19,90228.05,326634.85,140674.31,6.27,6.27,6.27,6.27,6.27,6.27
2026-10-07T06:41:33+00:00,ETH-EUR,2335.79,2335.8,2335.795,0.04,8342.17,61.86,1024870.29,994601.16,1262529.32,1256156.64,0.1,0.21,0.23,0.02,0.02,0.02
2026-10-07T06:41:33+00:00,SOL-EUR,106.018,106.02,106.019,0.19,1116.99,1781.61,453600.73,355595.63,571569.31,680840.66,0.09,0.09,0.16,0.09,0.09,0.31
2026-10-07T06:41:33+00:00,QNT-EUR,225.653,225.804,225.7285,6.69,15.72,550.78,84332.51,83369.92,140049.06,132457.45,3.34,3.34,4.74,3.38,3.39,3.76
2026-10-07T06:41:33+00:00,HYPE-EUR,81.317,81.318,81.3175,0.12,4511.57,1298.06,315920.85,279673.48,372034.84,365880.52,0.06,0.06,0.49,0.06,0.06,0.06
2026-10-07T06:41:33+00:00,NEAR-EUR,4.6491,4.654,4.65155,10.53,538.35,775.67,82257.07,104860.49,141761.28,134309.34,5.27,5.27,5.93,5.27,5.27,5.52
2026-10-07T06:41:33+00:00,TAO-EUR,269.25,269.33,269.29,2.97,445.46,173.45,188672.47,171118.55,226916.59,217670.28,1.49,2.58,3.71,1.49,1.53,1.81
2026-10-07T06:41:33+00:00,SUI-EUR,1.01785,1.01797,1.01791,1.18,5.26,279.76,173562.66,191256.62,234832.74,259231.63,0.59,0.63,1.62,2.25,2.38,3.12
2026-10-07T06:41:33+00:00,RLC-EUR,0.64649,0.64775,0.64712,19.47,124.83,125.07,13874.32,6329.67,24522.55,19402.23,9.74,12.81,15.72,9.74,9.93,20.68
2026-10-07T06:41:33+00:00,AVAX-EUR,10.0918,10.096,10.0939,4.16,60.19,268.6,134544.32,135108.51,199833.69,175353.91,2.08,2.58,3.79,2.12,2.49,2.91
2026-10-07T06:41:33+00:00,FET-EUR,0.2085,0.20852,0.20851,0.96,133.21,44.62,65321.38,34842.11,104705.13,37467.87,1.54,5.36,15.01,0.48,1.98,3.37
2026-10-07T06:41:33+00:00,PUMP-EUR,0.0057627,0.0057667,0.0057647,6.94,127.18,133.77,66258.28,65422.39,82581.32,70422.39,3.47,4.35,5.41,3.47,3.68,4.32
2026-10-07T06:41:33+00:00,ZEUS-EUR,0.0056401,0.0057358,0.00568795,168.25,26.09,51.06,0.0,0.0,464.87,670.01,84.21,84.63,107.1,84.26,88.55,172.93
2026-10-07T06:41:33+00:00,ORCA-EUR,2.60254,2.61137,2.606955,33.87,45.11,357.33,10905.69,8837.57,25776.36,18146.8,16.94,16.95,17.37,16.96,16.97,16.99
2026-10-07T06:41:33+00:00,LINK-EUR,12.2557,12.2601,12.2579,3.59,692.28,699.28,151641.12,146956.4,195813.3,230355.9,1.79,1.79,3.2,1.79,1.79,1.96
2026-10-07T06:41:33+00:00,ENA-EUR,0.21305,0.21324,0.213145,8.91,178.55,1032.16,59733.07,50650.92,88178.11,57719.41,4.46,4.46,4.84,4.46,4.83,5.25
2026-10-07T06:41:33+00:00,WLD-EUR,0.46721,0.46733,0.46727,2.57,18.06,92.93,170717.2,59283.6,225546.49,91256.02,1.6,6.68,10.97,1.46,1.49,1.5
2026-10-07T06:41:33+00:00,HBAR-EUR,0.085812,0.085859,0.0858355,5.48,48.3,647.65,98049.34,92263.39,123990.83,121560.0,2.74,2.74,2.82,2.8,3.36,4.51
2026-10-07T06:41:33+00:00,ONDO-EUR,0.42434,0.42489,0.424615,12.95,422.95,537.22,69185.99,35975.27,101395.17,40981.69,6.48,6.48,7.83,6.48,6.51,8.36
2026-10-07T06:41:33+00:00,NMR-EUR,14.7733,14.8609,14.8171,59.12,48.73,49.41,2397.23,2482.85,14475.81,18266.25,29.59,29.62,37.41,29.6,30.74,34.78
2026-10-07T06:41:33+00:00,RENDER-EUR,1.8889,1.8916,1.89025,14.28,3754.38,426.5,32059.2,28611.11,55209.51,32221.93,7.14,7.69,10.06,7.14,7.14,7.14
2026-10-07T06:41:33+00:00,CAP-EUR,0.0772593,0.0774148,0.07733705,20.11,23.97,371.62,12226.11,17794.55,31372.3,26204.32,10.05,10.52,11.54,10.06,10.07,10.07
2026-10-07T06:41:33+00:00,XLM-EUR,0.18447,0.1845,0.184485,1.63,920.55,532.97,116034.34,112611.79,159681.94,132090.8,0.81,0.81,3.99,0.81,0.81,1.73
2026-10-07T06:41:33+00:00,DOGE-EUR,0.081054,0.081079,0.0810665,3.08,286.26,1003.01,111546.4,110633.7,155432.1,137460.23,1.54,1.54,3.27,1.54,1.59,2.17
2026-10-07T06:41:33+00:00,PEPE-EUR,3.684e-06,3.6862e-06,3.6851e-06,5.97,890.82,99.89,89559.21,70811.5,105716.88,73849.96,2.99,3.2,4.31,2.98,2.98,3.14
2026-10-07T06:41:33+00:00,DOT-EUR,1.0148,1.0161,1.01545,12.8,999.99,18.55,72547.97,39629.64,103302.91,55000.02,7.2,7.74,8.9,6.4,6.4,7.88
2026-10-07T06:41:33+00:00,INJ-EUR,6.8253,6.8424,6.83385,25.02,99.01,36.86,34797.32,20844.63,55305.68,35206.66,12.6,12.65,12.65,12.52,12.86,12.93
2026-10-07T06:41:33+00:00,ZRO-EUR,1.9875,1.9908,1.98915,16.59,805.74,12.01,21000.32,21832.36,36309.23,27935.47,8.74,8.79,11.56,8.3,8.3,8.85
2026-10-07T06:41:33+00:00,UNI-EUR,7.3202,7.3254,7.3228,7.1,227.91,754.82,53291.86,38756.86,73459.99,57012.67,3.55,3.55,5.99,3.55,4.33,4.98
2026-10-07T06:41:33+00:00,PNT-EUR,0.038,0.038129,0.0380645,33.89,105.58,89.81,150.2,418.01,560.28,558.57,16.97,25.6,110.73,16.94,55.65,131.67
2026-10-07T06:41:33+00:00,USELESS-EUR,0.19043,0.190876,0.190653,23.39,199.01,228.54,19980.2,13411.93,52667.29,26208.49,11.7,11.74,12.02,11.7,11.8,16.1
2026-10-07T06:41:33+00:00,MOVR-EUR,1.6859,1.6893,1.6876,20.15,22.02,6.9,18558.34,18836.92,35785.58,21567.0,10.63,10.8,11.14,10.54,10.77,17.31
2026-10-07T06:41:33+00:00,TRB-EUR,18.725,18.751,18.738,13.88,399.0,148.99,10960.0,5574.45,25592.33,9277.29,6.94,7.31,7.85,6.94,8.23,12.27
2026-10-07T06:41:33+00:00,LTC-EUR,60.54,60.572,60.556,5.28,681.48,275.06,101859.5,73414.58,138235.94,102266.07,2.64,3.09,5.0,2.64,2.64,2.86
2026-10-07T06:41:33+00:00,API3-EUR,0.29065,0.29182,0.291235,40.17,71.94,250.0,7055.26,3737.92,10614.84,6868.96,20.09,22.82,32.61,20.18,20.75,21.28
2026-10-07T06:41:33+00:00,PARTI-EUR,0.03178,0.031864,0.031822,26.4,24.18,350.47,7576.65,9502.27,28359.67,13562.14,13.2,13.33,15.03,13.44,13.78,17.48
2026-10-07T06:41:33+00:00,LPT-EUR,1.5234,1.5282,1.5258,31.46,140.63,48.99,2127.96,2041.61,11282.33,4798.73,17.07,19.32,33.04,15.73,17.35,26.65
2026-10-07T06:41:33+00:00,ICP-EUR,2.8781,2.8802,2.87915,7.29,2179.67,3435.73,31038.9,32970.43,65364.48,43436.76,3.65,3.65,3.65,3.65,3.65,3.65
2026-10-07T06:41:33+00:00,RAY-EUR,2.01174,2.01372,2.01273,9.84,148.92,434.16,15211.41,15677.67,31081.41,21576.44,4.92,4.93,6.25,4.92,7.85,12.72
2026-10-07T06:41:33+00:00,PROM-EUR,4.891,4.9028,4.8969,24.1,124.88,48.51,7270.57,6480.27,20229.03,10505.34,12.15,13.4,17.43,12.05,18.64,25.49
2026-10-07T06:41:33+00:00,SPX-EUR,0.36175,0.36192,0.361835,4.7,5347.75,585.39,33394.4,34884.52,46284.47,37478.81,2.35,2.35,4.42,2.35,2.35,2.35
2026-10-07T06:41:33+00:00,PENGU-EUR,0.0079662,0.0079761,0.00797115,12.42,881.96,883.05,31019.25,30326.72,48620.32,47633.49,6.21,6.21,6.59,6.21,6.21,6.56
2026-10-07T06:41:33+00:00,SHIB-EUR,4.9647e-06,4.968e-06,4.9664e-06,6.64,99.0,5793.33,33158.57,36717.17,51328.23,44285.46,3.32,3.32,3.32,3.32,3.48,4.33
2026-10-07T06:46:50+00:00,BTC-EUR,75122.0,75123.0,75122.5,0.13,751.22,31140.2,2036405.36,2117235.21,2126060.94,2195871.95,0.07,0.07,0.07,0.07,0.07,0.28
2026-10-07T06:46:50+00:00,XRP-EUR,1.31559,1.3156,1.315595,0.08,445.59,4854.32,776414.16,654606.1,1128200.99,1095726.65,0.04,0.04,0.04,0.04,0.05,0.29
2026-10-07T06:46:50+00:00,ADA-EUR,0.23134,0.23147,0.231405,5.62,5626.19,462.94,152928.23,100790.19,345319.03,120790.19,2.81,2.84,5.23,2.81,2.81,2.81
2026-10-07T06:46:50+00:00,ETH-EUR,2335.83,2335.84,2335.835,0.04,999.94,1206.09,1162545.7,911421.81,1400556.19,1192980.68,0.02,0.02,0.04,0.02,0.02,0.43
2026-10-07T06:46:50+00:00,SOL-EUR,105.981,105.986,105.9835,0.47,3450.5,1620.22,377837.43,343757.45,496937.52,663078.55,0.24,0.24,0.28,0.24,0.24,0.24
2026-10-07T06:46:50+00:00,QNT-EUR,225.471,225.654,225.5625,8.11,16.16,16.28,81923.17,98627.99,133760.71,136426.16,4.09,4.14,4.32,4.09,4.12,4.33
2026-10-07T06:46:50+00:00,HYPE-EUR,81.226,81.24,81.233,1.72,1353.73,668.12,304182.3,278873.29,360629.03,384959.09,0.86,0.86,1.92,0.86,0.86,0.9
2026-10-07T06:46:50+00:00,NEAR-EUR,4.6347,4.6381,4.6364,7.33,6589.61,729.31,111856.02,120316.79,170033.75,159851.91,3.67,3.67,4.66,3.67,3.67,3.67
2026-10-07T06:46:50+00:00,TAO-EUR,268.42,268.54,268.48,4.47,1170.97,213.93,177110.37,170207.33,226933.95,227947.26,2.23,2.87,4.15,2.23,2.23,2.4
2026-10-07T06:46:50+00:00,SUI-EUR,1.01665,1.01689,1.01677,2.36,267.14,242.86,198936.94,187098.93,231408.77,254297.09,1.18,1.33,2.35,1.18,1.23,2.3
2026-10-07T06:46:50+00:00,RLC-EUR,0.64373,0.64483,0.64428,17.07,177.93,156.9,15827.63,9880.52,30583.4,24189.35,8.54,13.22,14.89,8.54,8.65,10.53
2026-10-07T06:46:50+00:00,AVAX-EUR,10.0612,10.0641,10.06265,2.88,267.34,251.98,168969.91,120441.26,209785.03,155880.7,1.44,1.59,3.61,1.44,1.92,2.38
2026-10-07T06:46:50+00:00,FET-EUR,0.20842,0.20858,0.2085,7.67,535.32,44.64,67888.55,45994.75,91979.04,53912.99,4.1,4.27,11.58,3.84,3.84,4.84
2026-10-07T06:46:50+00:00,PUMP-EUR,0.0057622,0.0057674,0.0057648,9.02,1238.29,127.28,68638.83,64837.81,86028.05,70917.74,4.51,4.66,5.97,4.51,4.51,4.58
2026-10-07T06:46:50+00:00,ZEUS-EUR,0.0054698,0.0055841,0.00552695,206.8,76.38,146.33,0.0,0.0,0.0,0.0,103.4,116.7,128.03,103.45,105.0,311.39
2026-10-07T06:46:50+00:00,ORCA-EUR,2.62882,2.63978,2.6343,41.6,912.5,1800.0,4222.47,3528.93,12974.02,18567.01,20.8,20.8,21.54,20.8,20.8,25.55
2026-10-07T06:46:50+00:00,LINK-EUR,12.268,12.2747,12.27135,5.46,666.46,658.02,153627.99,147635.08,195873.35,171638.42,2.73,2.73,4.05,2.73,2.73,2.78
2026-10-07T06:46:50+00:00,ENA-EUR,0.21329,0.21346,0.213375,7.97,13326.4,271.17,49820.59,41103.61,84935.78,45969.31,3.98,4.41,5.06,3.98,3.98,3.98
2026-10-07T06:46:50+00:00,WLD-EUR,0.46653,0.46654,0.466535,0.21,7479.56,75.92,132723.61,74678.41,167570.77,96993.89,1.24,4.38,12.83,0.11,0.11,0.11
2026-10-07T06:46:50+00:00,HBAR-EUR,0.085721,0.085768,0.0857445,5.48,49.24,48.64,86778.11,100376.55,141801.57,129811.92,2.8,2.85,3.53,2.8,2.85,3.13
2026-10-07T06:46:50+00:00,ONDO-EUR,0.42379,0.42425,0.42402,10.85,534.78,362.53,62887.26,25900.29,89573.19,37172.31,5.42,5.62,8.34,5.42,5.42,9.95
2026-10-07T06:46:50+00:00,NMR-EUR,14.945,15.0,14.9725,36.73,96.9,47.96,4930.87,6413.76,19550.67,15971.67,18.4,18.45,23.68,18.37,20.65,29.41
2026-10-07T06:46:50+00:00,RENDER-EUR,1.89,1.8918,1.8909,9.52,88.96,215.56,17581.47,19194.73,31766.93,21820.04,4.76,8.97,11.57,4.88,6.14,9.0
2026-10-07T06:46:50+00:00,CAP-EUR,0.0771712,0.0774179,0.07729455,31.92,1815.17,22.27,12437.62,15811.33,32760.49,24131.16,15.97,15.97,15.97,15.96,15.96,15.96
2026-10-07T06:46:50+00:00,XLM-EUR,0.18432,0.18443,0.184375,5.97,11.94,12.33,110573.28,115092.6,150877.0,134571.61,3.46,3.69,5.19,3.46,3.51,3.98
2026-10-07T06:46:50+00:00,DOGE-EUR,0.080949,0.080968,0.0809585,2.35,1962.89,202.42,146887.24,124631.82,177619.04,151331.49,1.17,1.25,2.09,1.17,1.17,1.18
2026-10-07T06:46:50+00:00,PEPE-EUR,3.68e-06,3.6815e-06,3.6807e-06,4.08,400.0,761.42,80175.09,70827.82,96353.13,73866.09,2.04,2.04,2.35,2.04,2.36,3.34
2026-10-07T06:46:50+00:00,DOT-EUR,1.0137,1.0149,1.0143,11.83,6368.92,17.96,55331.32,38886.92,102092.05,57086.6,6.72,7.26,8.77,5.92,5.92,5.92
2026-10-07T06:46:50+00:00,INJ-EUR,6.7707,6.7848,6.77775,20.8,805.08,112.46,35450.33,23761.83,60369.39,28892.55,10.4,10.96,11.87,10.4,10.4,10.49
2026-10-07T06:46:50+00:00,ZRO-EUR,1.9855,1.989,1.98725,17.61,12.29,11.92,19386.17,22029.09,36886.38,25710.75,9.25,9.3,10.87,9.25,9.3,9.62
2026-10-07T06:46:50+00:00,UNI-EUR,7.3242,7.3307,7.32745,8.87,224.63,755.36,55962.04,40774.43,82866.92,51646.06,4.44,4.44,4.55,4.44,4.66,5.1
2026-10-07T06:46:50+00:00,PNT-EUR,0.038002,0.03822,0.038111,57.2,30.4,235.6,259.29,235.6,641.2,338.29,28.6,73.96,148.26,28.78,56.21,128.12
2026-10-07T06:46:50+00:00,USELESS-EUR,0.19,0.190403,0.1902015,21.19,199.0,227.97,22416.73,13130.78,51826.12,23459.47,10.59,10.79,13.56,10.59,11.17,16.26
2026-10-07T06:46:50+00:00,MOVR-EUR,1.6862,1.6896,1.6879,20.14,22.24,369.85,16009.97,17247.15,29759.6,19774.36,10.07,10.23,10.55,10.53,11.93,21.18
2026-10-07T06:46:50+00:00,TRB-EUR,18.63,18.658,18.644,15.02,249.99,144.92,10666.48,7046.92,27235.37,16509.8,7.51,9.03,9.81,7.51,9.55,12.04
2026-10-07T06:46:50+00:00,LTC-EUR,60.423,60.438,60.4305,2.48,999.98,89.51,104314.84,76607.65,160343.62,101982.47,1.28,2.55,5.01,1.24,1.24,2.4
2026-10-07T06:46:50+00:00,PARTI-EUR,0.032372,0.032474,0.032423,31.46,356.06,357.18,10297.84,4549.12,19214.09,13984.35,15.73,15.86,17.73,15.73,15.87,16.41
2026-10-07T06:46:50+00:00,API3-EUR,0.29117,0.29212,0.291645,32.57,71.92,140.62,7009.85,5533.57,10694.46,8557.0,16.29,20.18,24.72,16.38,16.95,17.48
2026-10-07T06:46:50+00:00,ICP-EUR,2.877,2.8812,2.8791,14.59,864.16,1773.07,38581.04,36002.23,65449.02,49773.69,7.29,7.29,7.33,7.29,7.29,7.83
2026-10-07T06:46:50+00:00,LPT-EUR,1.5207,1.5254,1.52305,30.86,140.63,32.67,4002.69,2019.47,10982.88,4573.9,17.2,19.13,29.62,15.43,16.77,25.67
2026-10-07T06:46:50+00:00,RAY-EUR,2.02282,2.02544,2.02413,12.94,760.47,463.02,13565.67,13939.86,37118.55,23804.7,6.47,6.48,8.07,6.47,6.47,9.93
2026-10-07T06:46:50+00:00,PROM-EUR,4.8729,4.8866,4.87975,28.08,32.57,48.98,9180.26,4190.04,18842.58,10547.98,14.14,16.03,20.22,14.18,18.74,22.26
2026-10-07T06:46:50+00:00,SPX-EUR,0.36101,0.36117,0.36109,4.43,5341.5,24.62,28174.45,35067.67,40989.95,38463.46,2.42,3.42,6.58,2.22,2.22,2.22
2026-10-07T06:46:50+00:00,PENGU-EUR,0.0079501,0.007959,0.00795455,11.19,880.18,881.16,30584.19,28776.67,45620.19,48283.42,5.59,5.59,6.52,5.59,5.59,6.04
2026-10-07T06:46:50+00:00,SHIB-EUR,4.9492e-06,4.9539e-06,4.9516e-06,9.49,3494.81,99.0,37158.04,31955.05,53467.02,38812.56,4.76,5.72,6.49,4.75,4.75,4.75
2026-10-07T06:52:07+00:00,BTC-EUR,75101.0,75102.0,75101.5,0.13,11188.73,24048.95,2159198.44,1939647.3,2769071.02,2018284.04,0.07,0.07,0.07,0.07,0.07,0.07
2026-10-07T06:52:07+00:00,XRP-EUR,1.3147,1.31471,1.314705,0.08,1495.59,2226.81,788916.97,691145.61,1272090.32,1155373.92,0.04,0.04,0.04,0.04,0.04,0.15
2026-10-07T06:52:07+00:00,ADA-EUR,0.2311,0.23111,0.231105,0.43,411.29,366.51,141070.51,86668.8,332444.18,106668.8,0.22,0.33,2.23,0.22,0.29,2.33
2026-10-07T06:52:07+00:00,ETH-EUR,2333.21,2333.22,2333.215,0.04,3464.12,4428.7,992323.12,928920.44,1406011.3,1141520.78,0.02,0.02,0.02,0.02,0.02,0.02
2026-10-07T06:52:07+00:00,SOL-EUR,105.918,105.919,105.9185,0.09,2052.65,1670.71,370900.72,342563.12,551423.53,615832.66,0.05,0.05,0.09,0.05,0.05,0.05
2026-10-07T06:52:07+00:00,QNT-EUR,226.222,226.384,226.303,7.16,16.02,15.93,79224.66,91946.9,132290.39,134988.73,3.62,3.62,4.37,3.62,3.68,4.37
2026-10-07T06:52:07+00:00,HYPE-EUR,81.31,81.317,81.3135,0.86,1320.91,769.8,319678.2,268404.84,375792.2,354610.0,0.43,0.43,1.4,0.43,0.43,0.56
2026-10-07T06:52:07+00:00,NEAR-EUR,4.6256,4.6279,4.62675,4.97,268.42,134.28,107821.0,90699.51,155730.52,125991.82,2.49,2.96,3.8,2.49,2.89,3.61
2026-10-07T06:52:07+00:00,TAO-EUR,267.66,267.75,267.705,3.36,210.97,249.48,158612.54,166198.94,238990.46,206508.82,1.68,2.8,3.89,1.68,2.11,2.48
2026-10-07T06:52:07+00:00,SUI-EUR,1.01547,1.01567,1.01557,1.97,12.0,265.14,202708.22,167914.51,244858.59,260228.17,0.98,1.35,1.88,1.07,1.12,2.02
2026-10-07T06:52:07+00:00,RLC-EUR,0.67468,0.67584,0.67526,17.18,209.97,210.33,6652.34,5587.68,11695.18,9895.2,8.59,10.3,11.24,8.59,12.75,23.17
2026-10-07T06:52:07+00:00,AVAX-EUR,10.0447,10.0464,10.04555,1.69,4741.4,160.09,157032.76,119497.15,204706.63,157956.11,0.85,2.81,5.09,0.85,0.85,0.85
2026-10-07T06:52:07+00:00,FET-EUR,0.20808,0.20816,0.20812,3.84,249.99,44.55,73590.83,47931.59,102963.94,54577.16,2.19,2.36,10.21,1.92,2.36,3.63
2026-10-07T06:52:07+00:00,PUMP-EUR,0.0057509,0.0057561,0.0057535,9.04,126.92,63.52,69624.06,65645.13,90839.56,71557.35,4.58,4.67,5.69,4.52,5.04,5.43
2026-10-07T06:52:07+00:00,ZEUS-EUR,0.005705,0.0057999,0.00575245,164.97,162.11,135.8,0.0,0.0,1401.86,905.1,82.49,82.61,123.0,82.49,83.22,119.88
2026-10-07T06:52:07+00:00,ORCA-EUR,2.6218,2.6283,2.62505,24.76,45.62,249.93,8423.84,7374.87,21130.53,18886.42,12.38,13.6,14.53,12.4,12.42,13.12
2026-10-07T06:52:07+00:00,LINK-EUR,12.2695,12.2738,12.27165,3.5,697.82,661.74,146651.24,152114.1,208767.55,175708.26,1.75,1.75,3.16,1.75,1.75,2.57
2026-10-07T06:52:07+00:00,ENA-EUR,0.21261,0.21278,0.212695,7.99,1029.11,222.84,57721.36,46920.62,79088.75,51683.43,4.0,4.36,5.14,4.0,4.0,4.22
2026-10-07T06:52:07+00:00,WLD-EUR,0.46641,0.46651,0.46646,2.14,7483.49,75.63,154796.56,76612.82,223796.18,100803.91,2.33,7.67,10.92,1.07,1.07,1.07
2026-10-07T06:52:07+00:00,HBAR-EUR,0.085737,0.085772,0.0857545,4.08,48.71,445.51,97619.8,98460.12,153232.23,128968.88,2.04,2.16,2.92,2.1,2.25,2.8
2026-10-07T06:52:07+00:00,ONDO-EUR,0.42275,0.42302,0.422885,6.38,408.07,148.7,71922.26,29158.43,102247.53,44190.88,3.19,6.51,9.06,3.19,4.15,7.69
2026-10-07T06:52:07+00:00,NMR-EUR,14.697,14.7534,14.7252,38.3,49.97,47.66,2435.39,4369.78,12352.41,17735.35,19.19,21.19,23.51,20.71,21.96,25.69
2026-10-07T06:52:07+00:00,RENDER-EUR,1.8861,1.8879,1.887,9.54,693.83,214.83,31291.11,25776.89,58307.29,35246.73,4.77,8.4,10.45,4.77,4.77,6.31
2026-10-07T06:52:07+00:00,CAP-EUR,0.0770486,0.0772287,0.07713865,23.35,23.79,24.37,13123.43,16821.83,33449.91,24382.77,11.68,11.69,11.69,11.68,12.21,12.68
2026-10-07T06:52:07+00:00,XLM-EUR,0.1842,0.18427,0.184235,3.8,11.97,66.65,110919.19,116557.89,156326.62,140491.78,2.08,2.37,4.16,2.38,2.43,3.51
2026-10-07T06:52:07+00:00,DOGE-EUR,0.08094,0.080947,0.0809435,0.86,14634.04,202.37,117130.1,121960.97,167488.22,148655.19,0.43,0.53,1.97,0.43,0.43,0.43
2026-10-07T06:52:07+00:00,PEPE-EUR,3.6807e-06,3.6828e-06,3.6817e-06,5.7,875.13,891.2,91722.23,69297.2,107096.57,72335.61,2.85,2.85,3.07,2.85,2.85,3.46
2026-10-07T06:52:07+00:00,INJ-EUR,6.7505,6.7658,6.75815,22.64,250.0,23.29,19146.55,19149.39,46112.52,23748.97,11.43,11.46,11.47,11.32,11.39,12.73
2026-10-07T06:52:07+00:00,DOT-EUR,1.0125,1.0131,1.0128,5.92,18.49,18.42,63312.61,42128.03,109837.97,57977.42,3.77,4.7,8.38,3.77,3.91,3.94
2026-10-07T06:52:07+00:00,UNI-EUR,7.3084,7.314,7.3112,7.66,753.07,753.64,54226.61,40711.48,80836.79,51502.14,3.83,3.83,4.63,3.83,3.83,4.32
2026-10-07T06:52:07+00:00,ZRO-EUR,1.9841,1.9876,1.98585,17.62,11.96,555.72,23346.64,22416.82,38425.97,25591.06,8.81,8.81,9.48,9.26,9.3,10.0
2026-10-07T06:52:07+00:00,PNT-EUR,0.039169,0.039478,0.0393235,78.58,67.35,24.72,67.35,102.83,285.22,168.12,45.99,107.58,164.72,49.86,111.12,256.55
2026-10-07T06:52:07+00:00,USELESS-EUR,0.189639,0.189969,0.189804,17.39,199.0,161.1,23876.05,10605.25,40863.98,25951.83,8.69,9.04,13.84,8.69,8.78,15.43
2026-10-07T06:52:07+00:00,MOVR-EUR,1.6947,1.699,1.69685,25.34,21.86,371.91,18428.61,18441.29,37141.31,21394.79,12.67,12.82,13.15,13.13,13.36,19.06
2026-10-07T06:52:07+00:00,TRB-EUR,18.567,18.595,18.581,15.07,178.1,148.97,12031.99,6350.11,26174.05,15568.84,7.53,9.05,9.64,7.53,8.66,13.79
2026-10-07T06:52:07+00:00,LTC-EUR,60.399,60.433,60.416,5.63,698.15,85.51,105322.53,84308.89,138317.01,106161.77,2.89,3.39,4.85,2.81,2.81,3.05
2026-10-07T06:52:07+00:00,PARTI-EUR,0.032179,0.032227,0.032203,14.91,133.56,354.46,14238.62,8628.39,22761.26,17415.27,7.45,7.64,15.91,7.45,7.83,12.21
2026-10-07T06:52:07+00:00,ICP-EUR,2.8739,2.8779,2.8759,13.91,2881.73,3600.0,41207.79,37504.95,64551.33,51274.5,6.95,6.95,6.95,6.95,6.95,6.95
2026-10-07T06:52:07+00:00,API3-EUR,0.29069,0.29169,0.29119,34.34,71.87,89.26,7054.41,5436.39,10024.35,8494.95,17.47,21.52,25.21,17.27,17.95,18.66
2026-10-07T06:52:07+00:00,LPT-EUR,1.5177,1.5225,1.5201,31.58,140.63,33.18,6737.73,2020.86,16297.73,4600.53,17.55,19.91,34.0,15.79,16.98,29.64
2026-10-07T06:52:07+00:00,RAY-EUR,2.01771,2.02058,2.019145,14.21,49.0,16.36,13103.67,11844.28,28816.3,23967.46,8.23,8.4,10.18,7.18,7.24,10.55
2026-10-07T06:52:07+00:00,PROM-EUR,4.8757,4.8924,4.88405,34.19,47.53,47.91,7492.29,4080.28,15492.83,10482.18,17.2,19.46,20.45,17.2,17.76,23.33
2026-10-07T06:52:07+00:00,SPX-EUR,0.36049,0.36056,0.360525,1.94,5346.43,521.38,32164.86,34110.65,47100.49,37412.6,0.97,0.97,4.88,0.97,0.97,0.97
2026-10-07T06:52:07+00:00,PENGU-EUR,0.0079311,0.0079416,0.00793635,13.23,878.07,879.24,31030.88,31880.27,62467.22,37113.25,6.62,6.62,7.22,6.62,6.62,6.69
2026-10-07T06:52:07+00:00,SHIB-EUR,4.9474e-06,4.951e-06,4.9492e-06,7.27,98.95,858.66,33109.81,32394.61,51356.11,37462.91,3.64,3.64,4.71,3.65,4.41,5.05
2026-10-07T06:57:24+00:00,BTC-EUR,75056.0,75057.0,75056.5,0.13,5664.07,30065.28,1929402.1,1895872.41,2726785.2,2153574.52,0.07,0.07,0.07,0.07,0.07,0.07
2026-10-07T06:57:24+00:00,XRP-EUR,1.31488,1.31489,1.314885,0.08,18191.42,2226.45,742571.9,654503.43,1274257.52,1118693.28,0.04,0.04,0.04,0.04,0.04,0.04
2026-10-07T06:57:24+00:00,ADA-EUR,0.23097,0.23098,0.230975,0.43,3341.97,869.66,174454.13,117732.57,353173.95,167732.57,0.22,0.22,2.91,0.22,0.22,0.22
2026-10-07T06:57:24+00:00,ETH-EUR,2333.04,2333.05,2333.045,0.04,88.05,2453.74,1007369.22,951085.6,1421057.41,1163702.74,0.02,0.02,0.02,0.04,0.13,0.25
2026-10-07T06:57:24+00:00,SOL-EUR,105.913,105.914,105.9135,0.09,2604.26,41.07,418712.58,331725.92,554786.9,560525.48,0.21,0.31,0.37,0.05,0.05,0.05
2026-10-07T06:57:24+00:00,QNT-EUR,226.171,226.378,226.2745,9.15,98.44,15.85,73287.1,76719.74,133301.38,112263.29,4.61,4.62,5.2,4.57,4.63,4.75
2026-10-07T06:57:24+00:00,HYPE-EUR,81.228,81.235,81.2315,0.86,1336.6,667.94,299587.65,289053.42,355587.66,392952.1,0.43,0.43,1.55,0.43,0.43,0.48
2026-10-07T06:57:24+00:00,NEAR-EUR,4.6231,4.6257,4.6244,5.62,2039.14,306.37,117028.67,109592.66,174030.18,154014.73,2.81,3.82,5.69,2.81,2.81,2.81
2026-10-07T06:57:24+00:00,TAO-EUR,268.02,268.07,268.045,1.87,445.39,232.19,190660.77,164690.06,235638.65,204498.6,0.93,2.33,3.69,0.93,0.97,1.37
2026-10-07T06:57:24+00:00,SUI-EUR,1.01541,1.01557,1.01549,1.58,3740.46,482.04,203261.09,177329.08,264484.37,260323.66,0.79,0.79,1.46,0.79,0.79,0.79
2026-10-07T06:57:24+00:00,RLC-EUR,0.67468,0.6759,0.67529,18.07,29.55,327.34,14382.8,10120.35,23536.68,15636.52,9.03,9.17,11.59,9.14,9.17,9.18
2026-10-07T06:57:24+00:00,AVAX-EUR,10.0199,10.0229,10.0214,2.99,534.38,257.13,172155.0,116449.12,199576.85,153784.42,1.5,2.13,3.46,1.5,1.5,1.69
2026-10-07T06:57:24+00:00,FET-EUR,0.20819,0.20821,0.2082,0.96,3142.76,44.56,75777.94,56229.62,111017.03,64222.49,0.75,5.41,14.68,0.48,0.48,0.48
2026-10-07T06:57:24+00:00,PUMP-EUR,0.0057531,0.0057569,0.005755,6.6,651.36,636.2,73689.21,65584.99,91347.56,70640.33,3.3,3.3,3.84,3.3,3.3,4.18
2026-10-07T06:57:24+00:00,ZEUS-EUR,0.0056097,0.0057121,0.0056609,180.89,48.28,53.17,0.0,0.0,689.85,717.31,90.53,90.82,190.92,90.54,91.16,135.68
2026-10-07T06:57:24+00:00,ORCA-EUR,2.63794,2.64746,2.6427,36.02,929.66,250.06,9459.94,10168.33,26406.17,18789.91,18.01,18.73,19.27,18.01,18.01,18.03
2026-10-07T06:57:24+00:00,LINK-EUR,12.2716,12.2756,12.2736,3.26,999.99,572.88,145331.03,144209.59,192232.72,164333.41,1.63,1.63,2.71,1.63,1.63,1.99
2026-10-07T06:57:24+00:00,ENA-EUR,0.21205,0.21218,0.212115,6.13,222.61,222.75,57005.27,47875.41,78563.33,52638.17,3.06,3.48,4.78,3.06,3.64,4.57
2026-10-07T06:57:24+00:00,WLD-EUR,0.46853,0.46871,0.46862,3.84,583.64,72.91,145565.12,70999.97,185241.68,94361.53,3.71,7.57,10.46,1.92,1.92,2.22
2026-10-07T06:57:24+00:00,HBAR-EUR,0.085786,0.085847,0.0858165,7.11,47.57,1336.47,94641.34,91118.56,147524.95,120581.93,3.55,3.55,3.66,3.62,4.03,5.22
2026-10-07T06:57:24+00:00,ONDO-EUR,0.42343,0.42398,0.423705,12.98,535.16,29.51,64709.17,25324.12,97099.49,51269.41,6.66,6.71,7.14,6.49,6.49,8.05
2026-10-07T06:57:24+00:00,NMR-EUR,14.7412,14.8121,14.77665,47.98,48.42,48.66,7180.61,2547.46,12503.91,15797.69,24.03,27.62,31.63,24.03,24.19,26.87
2026-10-07T06:57:24+00:00,RENDER-EUR,1.8828,1.8846,1.8837,9.56,454.81,49.55,33699.41,27038.73,57970.89,32298.71,5.05,9.44,13.91,4.78,4.97,6.42
2026-10-07T06:57:24+00:00,CAP-EUR,0.0767594,0.0769647,0.07686205,26.71,23.96,1786.22,11448.64,16516.58,31332.22,22847.24,13.36,13.36,13.36,13.36,13.37,13.37
2026-10-07T06:57:24+00:00,XLM-EUR,0.18429,0.1843,0.184295,0.54,1010.27,352.48,111968.7,108261.77,141969.97,127740.77,0.27,0.91,2.06,0.27,0.27,2.42
2026-10-07T06:57:24+00:00,DOGE-EUR,0.080947,0.080956,0.0809515,1.11,180.82,189.24,128170.24,122644.53,178868.9,152811.53,0.56,0.66,1.16,0.56,0.63,1.71
2026-10-07T06:57:24+00:00,PEPE-EUR,3.6834e-06,3.6858e-06,3.6846e-06,6.51,890.43,890.81,108941.3,69880.99,124315.34,72919.33,3.26,3.26,3.41,3.26,3.26,5.05
2026-10-07T06:57:24+00:00,INJ-EUR,6.75,6.7588,6.7544,13.03,638.08,445.99,33856.15,30898.1,58368.12,33514.54,6.51,6.53,7.08,6.51,6.51,8.93
2026-10-07T06:57:24+00:00,DOT-EUR,1.0122,1.0128,1.0125,5.93,9.74,18.44,64115.49,39608.28,127462.39,58012.14,3.77,4.3,6.49,3.85,3.93,3.95
2026-10-07T06:57:24+00:00,UNI-EUR,7.3175,7.3235,7.3205,8.2,754.0,754.62,47248.43,40677.82,73789.5,56876.68,4.1,4.1,4.42,4.1,4.1,4.56
2026-10-07T06:57:24+00:00,ZRO-EUR,1.9805,1.9834,1.98195,14.63,12.19,542.58,19696.75,20521.35,32881.72,28463.62,7.32,7.32,9.79,7.76,7.81,9.82
2026-10-07T06:57:24+00:00,PNT-EUR,0.040418,0.040456,0.040437,9.4,252.58,64.73,736.02,267.28,804.86,389.26,6.22,54.62,172.86,4.7,9.35,154.63
2026-10-07T06:57:24+00:00,USELESS-EUR,0.18995,0.190359,0.1901545,21.51,199.01,161.43,27935.49,13312.41,54039.73,26259.93,10.75,10.88,15.52,10.75,11.09,14.26
2026-10-07T06:57:24+00:00,MOVR-EUR,1.6924,1.6971,1.69475,27.73,22.02,371.5,17413.24,16025.29,31762.93,18765.81,13.87,14.02,17.48,14.33,14.56,17.86
2026-10-07T06:57:24+00:00,TRB-EUR,18.542,18.574,18.558,17.24,177.96,148.97,12027.57,10842.95,18672.05,10948.94,8.62,10.13,10.74,8.62,9.51,13.61
2026-10-07T06:57:24+00:00,LTC-EUR,60.452,60.474,60.463,3.64,1000.0,85.59,97706.79,74122.44,134825.29,96408.92,1.89,2.51,5.02,1.82,1.82,2.51
2026-10-07T06:57:24+00:00,PARTI-EUR,0.031906,0.03197,0.031938,20.04,187.5,351.63,11995.13,8366.54,23361.51,16320.76,10.02,10.11,14.08,10.02,12.37,13.42
2026-10-07T06:57:24+00:00,ICP-EUR,2.8781,2.8813,2.8797,11.11,2127.71,3599.88,39829.76,31231.89,67543.98,43757.72,5.56,5.56,5.56,5.56,5.56,5.56
2026-10-07T06:57:24+00:00,API3-EUR,0.29058,0.29171,0.291145,38.81,35.55,250.0,7861.73,5488.24,10719.86,8044.0,19.41,21.29,25.03,19.63,20.31,20.93
2026-10-07T06:57:24+00:00,LPT-EUR,1.5184,1.5237,1.52105,34.84,250.0,12.97,4026.52,1984.25,9999.89,4563.92,19.71,21.78,36.39,17.42,18.56,22.87
2026-10-07T06:57:24+00:00,RAY-EUR,2.02433,2.02603,2.02518,8.39,11.16,720.83,16229.59,14548.68,43265.03,21086.67,4.2,4.2,6.5,6.71,8.37,11.59
2026-10-07T06:57:24+00:00,PROM-EUR,4.8694,4.8862,4.8778,34.44,250.0,47.74,13457.2,4039.6,27394.41,10554.05,17.33,21.12,28.99,17.22,17.58,18.08
2026-10-07T06:57:24+00:00,PENGU-EUR,0.0079425,0.0079529,0.0079477,13.09,879.33,880.49,32428.81,34643.02,46254.11,51898.84,6.54,6.54,7.42,6.54,6.54,6.69
2026-10-07T06:57:24+00:00,SPX-EUR,0.36047,0.3606,0.360535,3.61,5347.21,546.65,34309.88,33641.41,47208.84,36943.41,1.8,1.8,5.72,1.8,1.8,1.8
2026-10-07T06:57:24+00:00,SHIB-EUR,4.9488e-06,4.95e-06,4.9494e-06,2.42,19.95,1140.91,32786.9,36082.28,51337.11,41150.58,1.21,1.21,1.74,4.93,5.67,5.81
2026-10-07T07:02:41+00:00,BTC-EUR,75040.0,75041.0,75040.5,0.13,16350.5,10575.52,1965072.47,1777168.52,2795328.1,2033942.92,0.07,0.07,0.07,0.07,0.07,0.07
2026-10-07T07:02:41+00:00,XRP-EUR,1.31386,1.31387,1.313865,0.08,2160.29,32.85,735490.87,559710.95,1215120.99,877070.27,0.19,0.25,0.26,0.04,0.04,0.04
2026-10-07T07:02:41+00:00,ADA-EUR,0.2306,0.23073,0.230665,5.64,3337.91,522.59,155677.8,85838.49,346960.02,105838.49,2.82,2.82,5.7,2.82,2.82,2.82
2026-10-07T07:02:41+00:00,ETH-EUR,2331.89,2332.38,2332.135,2.1,294.26,1571.79,973392.76,799447.42,1386789.94,1032207.19,1.05,1.05,1.06,1.05,1.07,1.09
2026-10-07T07:02:41+00:00,SOL-EUR,105.892,105.893,105.8925,0.09,1176.83,1781.39,404360.92,311500.93,545108.04,495714.63,0.05,0.05,0.16,0.05,0.05,0.68
2026-10-07T07:02:41+00:00,QNT-EUR,225.705,225.846,225.7755,6.25,16.29,16.14,84647.64,87645.0,155447.24,112352.32,3.16,3.17,3.97,3.16,3.17,5.18
2026-10-07T07:02:41+00:00,HYPE-EUR,81.266,81.287,81.2765,2.58,1354.35,668.01,270242.3,318480.43,344057.18,404562.76,1.29,1.29,1.62,1.29,1.29,1.33
2026-10-07T07:02:41+00:00,NEAR-EUR,4.6007,4.6041,4.6024,7.39,12.2,133.59,84602.11,83970.11,128751.15,108236.17,3.69,5.13,5.52,3.88,3.91,4.43
2026-10-07T07:02:41+00:00,TAO-EUR,267.56,267.63,267.595,2.62,445.43,383.71,175963.79,171102.54,224407.44,211515.6,1.31,1.48,2.44,1.31,1.35,1.74
2026-10-07T07:02:41+00:00,SUI-EUR,1.01596,1.01616,1.01606,1.97,12.06,166.28,196786.69,162812.05,237086.84,232377.53,0.98,1.79,2.98,1.07,1.12,1.71
2026-10-07T07:02:41+00:00,RLC-EUR,0.6826,0.68358,0.68309,14.35,160.94,66.71,4798.81,5377.1,16361.42,13143.34,7.22,12.99,27.73,7.17,14.95,25.45
2026-10-07T07:02:41+00:00,AVAX-EUR,10.0396,10.0427,10.04115,3.09,153.1,219.56,128874.12,120944.96,192402.67,171690.24,1.54,2.16,5.92,1.54,1.61,2.47
2026-10-07T07:02:41+00:00,FET-EUR,0.20782,0.20788,0.20785,2.89,320.11,44.49,80913.06,43571.54,107803.33,52298.88,3.31,5.91,11.01,1.44,1.79,2.36
2026-10-07T07:02:41+00:00,PUMP-EUR,0.0057748,0.0057802,0.0057775,9.35,63.72,348.99,63347.11,59884.63,87965.32,67906.35,4.67,4.73,6.53,4.74,4.82,4.9
2026-10-07T07:02:41+00:00,ZEUS-EUR,0.0055575,0.0056722,0.00561485,204.28,47.69,49.48,0.0,0.0,0.0,0.0,102.23,102.48,135.08,102.23,108.77,169.89
2026-10-07T07:02:41+00:00,ORCA-EUR,2.62705,2.6382,2.632625,42.35,282.03,45.21,12230.03,2691.69,19345.15,15332.89,21.2,21.22,24.98,21.18,21.19,21.7
2026-10-07T07:02:41+00:00,LINK-EUR,12.2947,12.2998,12.29725,4.15,705.07,619.21,149923.53,141388.91,196533.25,228574.18,2.07,2.07,3.13,2.07,2.07,2.13
2026-10-07T07:02:41+00:00,ENA-EUR,0.21163,0.21176,0.211695,6.14,1024.37,348.83,51624.65,49003.91,73216.57,58766.59,3.07,3.21,3.66,3.07,3.07,3.46
2026-10-07T07:02:41+00:00,WLD-EUR,0.46845,0.46859,0.46852,2.99,445.34,70.84,144674.88,73068.76,184345.29,96426.83,3.09,8.81,9.9,1.49,1.56,2.52
2026-10-07T07:02:41+00:00,HBAR-EUR,0.085668,0.085723,0.0856955,6.42,195.47,48.14,88726.13,101285.41,147359.72,131584.81,3.27,3.71,4.3,3.21,3.34,3.63
2026-10-07T07:02:41+00:00,ONDO-EUR,0.424,0.42425,0.424125,5.89,400.99,401.93,59889.25,28722.48,96599.62,56379.15,2.95,2.99,6.95,2.95,3.83,6.84
2026-10-07T07:02:41+00:00,NMR-EUR,14.7066,14.7631,14.73485,38.34,48.55,10.0,7302.34,2175.74,15462.15,16187.1,28.45,29.89,37.74,19.21,19.25,22.11
2026-10-07T07:02:41+00:00,RENDER-EUR,1.8761,1.878,1.87705,10.12,994.38,42.57,26513.21,24261.47,40309.77,27148.38,5.37,8.65,11.93,5.06,5.06,5.33
2026-10-07T07:02:41+00:00,CAP-EUR,0.0768632,0.077,0.0769316,17.78,24.23,1811.19,11850.14,18042.79,24243.69,24373.45,8.89,8.89,8.89,8.9,10.93,12.77
2026-10-07T07:02:41+00:00,XLM-EUR,0.1842,0.18424,0.18422,2.17,12.11,401.47,107460.07,115933.86,161637.08,135412.88,1.09,1.19,3.05,1.56,1.62,2.47
2026-10-07T07:02:41+00:00,DOGE-EUR,0.080948,0.080961,0.0809545,1.61,959.13,190.17,126720.45,123331.04,185419.11,153498.04,0.8,0.88,1.79,0.8,0.8,1.64
2026-10-07T07:02:41+00:00,PEPE-EUR,3.6822e-06,3.6843e-06,3.6832e-06,5.7,5.25,729.0,83484.6,68860.89,98858.83,71899.16,2.85,2.85,3.3,3.62,3.66,5.19
2026-10-07T07:02:41+00:00,INJ-EUR,6.7164,6.727,6.7217,15.77,2849.3,1015.37,37135.06,26212.59,50420.65,31315.0,7.88,7.88,7.96,7.88,7.88,7.88
2026-10-07T07:02:41+00:00,DOT-EUR,1.011,1.012,1.0115,9.89,6348.24,18.08,51768.89,36695.62,97086.84,52605.06,5.75,5.9,7.76,4.94,4.94,4.94
2026-10-07T07:02:41+00:00,UNI-EUR,7.3093,7.3143,7.3118,6.84,753.16,208.26,52451.1,44626.45,80559.93,55417.24,3.42,4.14,4.65,3.42,3.42,4.18
2026-10-07T07:02:41+00:00,ZRO-EUR,1.9778,1.9812,1.9795,17.18,12.02,12.28,20541.72,19910.41,34657.31,28083.45,9.03,9.08,9.73,9.03,9.08,10.78
2026-10-07T07:02:41+00:00,PNT-EUR,0.040777,0.040834,0.0408055,13.97,200.0,28.58,200.0,288.14,586.47,288.14,16.98,73.03,167.4,6.98,35.85,149.23
2026-10-07T07:02:41+00:00,USELESS-EUR,0.190376,0.190781,0.1905785,21.25,161.44,161.79,26329.15,13412.23,52820.7,26869.02,10.63,10.77,14.26,10.63,10.76,13.87
2026-10-07T07:02:41+00:00,MOVR-EUR,1.6703,1.6746,1.67245,25.71,22.03,237.34,11338.78,13564.25,19278.3,16293.8,12.86,13.17,13.8,13.32,15.46,17.54
2026-10-07T07:02:41+00:00,TRB-EUR,18.557,18.594,18.5755,19.92,199.04,198.96,12061.9,7110.7,26215.53,14610.7,9.96,11.26,11.9,9.96,11.26,11.9
2026-10-07T07:02:41+00:00,PARTI-EUR,0.031739,0.031796,0.0317675,17.94,24.2,23.96,13441.13,9204.23,28604.79,15452.51,9.21,9.44,10.51,9.21,9.85,11.32
2026-10-07T07:02:41+00:00,LTC-EUR,60.484,60.503,60.4935,3.14,999.97,362.62,107446.53,82866.05,161959.35,105262.2,1.57,2.12,4.23,1.57,1.57,1.98
2026-10-07T07:02:41+00:00,ICP-EUR,2.8781,2.8802,2.87915,7.29,2127.71,198.9,39648.14,29864.72,59418.68,40333.75,3.65,4.27,4.59,3.65,3.65,3.65
2026-10-07T07:02:41+00:00,LPT-EUR,1.5228,1.5287,1.52575,38.67,113.65,250.0,2075.99,2047.01,10144.87,4759.62,19.33,20.58,27.94,19.33,21.04,31.46
2026-10-07T07:02:41+00:00,API3-EUR,0.2883,0.28901,0.288655,24.6,25.0,249.55,2212.28,5634.51,9104.99,10756.84,12.3,13.9,18.62,22.37,29.27,33.95
2026-10-07T07:02:41+00:00,RAY-EUR,2.02746,2.02996,2.02871,12.32,99.0,286.89,13604.59,13943.23,29374.38,19958.95,6.16,7.11,9.84,6.16,6.99,10.36
2026-10-07T07:02:41+00:00,PROM-EUR,4.897,4.9123,4.90465,31.19,375.03,125.43,10845.44,5363.77,20701.4,11043.93,15.6,20.03,21.16,15.6,17.89,23.77
2026-10-07T07:02:41+00:00,PENGU-EUR,0.0079562,0.0079654,0.0079608,11.56,880.85,881.87,30059.15,29955.56,47385.68,47271.53,5.78,5.78,6.42,5.78,5.78,7.6
2026-10-07T07:02:41+00:00,SPX-EUR,0.36069,0.36083,0.36076,3.88,5345.07,522.26,33782.71,32318.81,47785.65,35620.83,1.94,1.94,5.93,1.94,1.94,1.94
2026-10-07T07:02:41+00:00,SHIB-EUR,4.9495e-06,4.9527e-06,4.9511e-06,6.46,99.01,891.5,38571.05,34966.23,55405.6,42528.52,3.23,3.23,4.41,3.24,3.77,4.55
2026-10-07T07:08:08+00:00,BTC-EUR,74968.0,74969.0,74968.5,0.13,24304.06,7497.9,2157769.69,1818868.03,2767802.63,2061849.68,0.07,0.07,0.07,0.07,0.07,0.07
2026-10-07T07:08:08+00:00,XRP-EUR,1.3136,1.31361,1.313605,0.08,1504.75,3335.21,644888.95,553464.06,1123968.84,914910.73,0.04,0.04,0.04,0.04,0.04,0.17
2026-10-07T07:08:08+00:00,ADA-EUR,0.23012,0.23019,0.230155,3.04,999.99,460.38,173584.27,150991.46,340508.52,220991.46,1.52,1.56,1.86,1.52,1.52,1.74
2026-10-07T07:08:08+00:00,ETH-EUR,2331.57,2331.58,2331.575,0.04,3068.79,5417.6,951435.18,887102.19,1363087.85,1119741.84,0.02,0.02,0.02,0.02,0.02,0.02
2026-10-07T07:08:08+00:00,SOL-EUR,105.853,105.854,105.8535,0.09,985.59,1781.59,420810.44,345255.41,557731.08,529443.71,0.05,0.05,0.11,0.05,0.05,0.43
2026-10-07T07:08:08+00:00,QNT-EUR,225.173,225.339,225.256,7.37,15.95,16.04,84340.33,80474.07,162368.23,125554.34,3.72,3.75,4.12,3.72,3.73,4.33
2026-10-07T07:08:08+00:00,HYPE-EUR,81.225,81.24,81.2325,1.85,1296.83,274.19,293250.88,253027.01,348772.16,394742.86,0.92,0.98,1.81,0.92,0.92,1.53
2026-10-07T07:08:08+00:00,NEAR-EUR,4.599,4.6017,4.60035,5.87,546.36,546.49,102130.55,78293.92,144028.85,95654.59,2.93,2.93,3.49,2.93,2.93,4.73
2026-10-07T07:08:08+00:00,TAO-EUR,267.17,267.25,267.21,2.99,1165.52,221.79,197487.7,157857.35,244776.99,187071.01,1.5,1.78,2.93,1.5,1.5,2.01
2026-10-07T07:08:08+00:00,SUI-EUR,1.01554,1.01563,1.015585,0.89,1252.35,188.08,204865.81,155469.17,238179.84,232576.63,0.44,1.27,2.06,0.44,0.44,0.48
2026-10-07T07:08:08+00:00,RLC-EUR,0.68099,0.68204,0.681515,15.41,160.56,160.81,13186.99,9962.88,23975.41,17832.26,7.7,12.76,19.84,7.7,12.29,13.97
2026-10-07T07:08:08+00:00,AVAX-EUR,10.0263,10.0286,10.02745,2.29,267.32,165.56,165858.6,109441.24,207943.66,155695.23,1.15,1.21,3.18,1.15,1.19,2.37
2026-10-07T07:08:08+00:00,FET-EUR,0.20789,0.20803,0.20796,6.73,200.02,44.52,70776.31,49699.24,98990.5,58839.53,3.63,6.3,13.65,3.37,3.65,6.32
2026-10-07T07:08:08+00:00,ZEUS-EUR,0.0057795,0.0058394,0.00580945,103.11,48.45,51.22,0.0,0.0,988.83,473.0,51.64,68.68,168.8,51.77,56.51,154.42
2026-10-07T07:08:08+00:00,PUMP-EUR,0.0057751,0.0057809,0.005778,10.04,1742.43,63.79,70053.94,68449.35,86337.11,73971.22,5.08,5.19,5.32,5.02,5.02,5.04
2026-10-07T07:08:08+00:00,ORCA-EUR,2.67335,2.68319,2.67827,36.74,762.05,969.23,9595.66,4091.24,20243.17,18330.56,18.37,18.37,18.39,18.37,18.37,24.63
2026-10-07T07:08:08+00:00,LINK-EUR,12.2767,12.2773,12.277,0.49,1297.06,5.24,161217.45,142720.02,183731.07,166305.72,2.94,3.06,4.08,0.24,0.24,0.77
2026-10-07T07:08:08+00:00,WLD-EUR,0.46898,0.46917,0.469075,4.05,349.01,58.86,149411.43,57857.06,195458.54,78016.2,4.48,7.41,8.16,2.03,2.47,4.26
2026-10-07T07:08:08+00:00,ENA-EUR,0.21185,0.21193,0.21189,3.78,1025.43,222.8,49373.65,48896.88,70286.99,58386.73,1.89,2.93,3.57,1.89,1.89,4.36
2026-10-07T07:08:08+00:00,HBAR-EUR,0.085625,0.085673,0.085649,5.6,47.97,48.67,92436.47,99916.99,154376.76,134258.66,2.86,2.91,4.12,2.86,2.93,3.5
2026-10-07T07:08:08+00:00,ONDO-EUR,0.42361,0.4241,0.423855,11.56,127.99,535.51,64127.88,18997.86,106499.6,64484.94,5.78,5.78,7.1,5.78,8.59,9.75
2026-10-07T07:08:08+00:00,NMR-EUR,14.7622,14.8007,14.78145,26.05,48.59,10.0,8794.15,6588.63,14102.84,15450.98,18.71,19.26,27.33,13.06,13.08,15.58
2026-10-07T07:08:08+00:00,RENDER-EUR,1.8757,1.8771,1.8764,7.46,698.11,237.05,29266.07,25316.53,38498.86,29021.84,3.73,7.37,11.09,3.73,3.73,6.09
2026-10-07T07:08:08+00:00,CAP-EUR,0.0768164,0.0770119,0.07691415,25.42,24.29,24.13,14285.81,17244.92,34021.06,23582.98,12.72,17.74,18.84,12.72,12.72,12.72
2026-10-07T07:08:08+00:00,XLM-EUR,0.1843,0.18437,0.184335,3.8,931.34,2077.73,109889.28,104719.5,135164.96,128652.14,1.9,1.9,1.9,1.9,1.9,3.11
2026-10-07T07:08:08+00:00,DOGE-EUR,0.080897,0.080912,0.0809045,1.85,963.48,202.28,116448.77,118423.97,177684.23,145421.29,0.93,1.0,1.28,0.93,0.93,1.29
2026-10-07T07:08:08+00:00,PEPE-EUR,3.682e-06,3.6835e-06,3.6828e-06,4.07,890.55,5.25,89839.19,68489.54,105213.35,71527.55,3.81,3.91,5.25,2.04,2.04,2.19
2026-10-07T07:08:08+00:00,INJ-EUR,6.7306,6.7456,6.7381,22.26,149.01,23.29,34367.03,26498.13,55307.14,29114.65,11.24,12.08,12.84,11.13,11.44,11.62
2026-10-07T07:08:08+00:00,DOT-EUR,1.0107,1.0119,1.0113,11.87,1199.0,18.19,75969.46,38156.61,125778.21,53400.31,6.74,6.89,7.3,5.93,5.93,6.73
2026-10-07T07:08:08+00:00,UNI-EUR,7.3079,7.3117,7.3098,5.2,753.01,86.96,55217.39,44791.25,84190.07,56340.67,2.62,2.76,4.55,2.6,2.6,3.25
2026-10-07T07:08:08+00:00,ZRO-EUR,1.977,1.9795,1.97825,12.64,12.34,11.9,20259.66,19119.71,33780.21,31315.47,6.76,6.81,6.82,6.76,6.81,10.16
2026-10-07T07:08:08+00:00,PNT-EUR,0.0416,0.0417,0.04165,24.01,83.2,102.56,450.63,242.57,546.93,680.63,12.0,56.06,125.56,15.64,36.08,186.11
2026-10-07T07:08:08+00:00,USELESS-EUR,0.189885,0.19022,0.1900525,17.63,161.03,161.31,24931.77,13356.18,52512.38,21166.61,8.81,9.1,14.92,8.81,9.06,13.19
2026-10-07T07:08:08+00:00,MOVR-EUR,1.6734,1.6761,1.67475,16.12,11.89,1702.25,17667.32,17097.26,32503.51,19837.7,8.06,8.06,8.77,8.59,8.79,17.0
2026-10-07T07:08:08+00:00,TRB-EUR,18.577,18.615,18.596,20.43,348.67,198.96,11232.15,6887.33,25335.29,15603.14,10.22,11.51,12.15,10.22,10.38,15.18
2026-10-07T07:08:08+00:00,PARTI-EUR,0.031761,0.03185,0.0318055,27.98,349.34,51.39,12805.96,8757.55,27691.97,15111.39,14.45,15.51,18.38,13.99,14.09,15.35
2026-10-07T07:08:08+00:00,LTC-EUR,60.394,60.433,60.4135,6.46,1000.0,86.96,104792.11,78370.21,163113.14,103831.89,3.25,3.39,4.14,3.23,3.23,3.55
2026-10-07T07:08:08+00:00,ICP-EUR,2.872,2.8732,2.8726,4.18,2829.13,41.37,43253.65,33146.04,72362.83,55234.13,2.29,2.41,2.43,2.09,2.09,2.09
2026-10-07T07:08:08+00:00,LPT-EUR,1.524,1.5297,1.52685,37.33,108.05,250.0,2418.52,1929.85,10447.02,4652.46,18.67,20.89,27.62,18.67,19.97,27.67
2026-10-07T07:08:08+00:00,API3-EUR,0.28792,0.28871,0.288315,27.4,10.0,206.91,7850.71,5542.69,10397.16,8586.03,13.7,15.71,23.52,19.32,19.82,19.99
2026-10-07T07:08:08+00:00,RAY-EUR,2.0326,2.03585,2.034225,15.98,49.0,232.92,16172.16,14472.23,32202.84,20831.46,7.99,8.64,10.75,8.14,8.25,10.93
2026-10-07T07:08:08+00:00,PROM-EUR,4.9262,4.9397,4.93295,27.37,125.78,47.65,7698.58,4195.1,20664.6,27765.44,13.79,17.46,22.97,13.68,18.18,23.9
2026-10-07T07:08:08+00:00,PENGU-EUR,0.0079521,0.0079629,0.0079575,13.57,1271.39,881.59,32896.2,35209.34,46606.47,52493.3,6.79,6.79,7.53,6.79,6.79,6.87
2026-10-07T07:08:08+00:00,SPX-EUR,0.35999,0.36019,0.36009,5.55,5369.45,601.17,31964.98,33412.53,45896.07,36714.36,2.78,2.78,7.22,2.78,2.78,2.78
2026-10-07T07:08:08+00:00,SHIB-EUR,4.9492e-06,4.953e-06,4.9511e-06,7.68,890.81,5794.91,44648.79,38678.85,59024.48,49587.81,3.84,3.84,3.84,3.84,3.84,4.56
2026-10-07T07:13:28+00:00,BTC-EUR,75059.0,75060.0,75059.5,0.13,8125.02,25794.19,1934332.16,2061257.45,2730342.13,2143319.37,0.07,0.07,0.07,0.07,0.07,0.07
2026-10-07T07:13:28+00:00,XRP-EUR,1.31566,1.31567,1.315665,0.08,39300.94,1015.24,797009.99,612219.51,1083807.48,976601.29,0.04,0.04,0.38,0.04,0.04,0.04
2026-10-07T07:13:28+00:00,ADA-EUR,0.23051,0.23055,0.23053,1.74,434.06,425.76,144960.04,145212.05,329669.42,215212.05,0.87,0.93,2.18,0.87,0.92,2.21
2026-10-07T07:13:28+00:00,ETH-EUR,2332.99,2333.17,2333.08,0.77,1844.8,445.56,933815.22,916458.35,1314008.15,1149273.95,0.39,0.39,0.45,0.39,0.39,0.4
2026-10-07T07:13:28+00:00,SOL-EUR,105.979,105.986,105.9825,0.66,2055.88,456.17,394932.82,356349.61,533913.39,611198.33,0.33,0.37,0.69,0.33,0.33,0.33
2026-10-07T07:13:28+00:00,QNT-EUR,227.025,227.194,227.1095,7.44,821.87,16.11,76570.71,85786.2,172277.79,133507.52,3.76,3.76,3.77,3.72,3.72,4.96
2026-10-07T07:13:28+00:00,HYPE-EUR,81.275,81.305,81.29,3.69,1281.22,1281.83,261958.31,272784.13,335301.48,396683.55,1.85,1.85,1.89,1.85,1.85,1.98
2026-10-07T07:13:28+00:00,NEAR-EUR,4.6275,4.6296,4.62855,4.54,242.62,386.28,99965.09,95908.51,165959.71,132141.68,2.27,2.32,2.53,2.27,3.6,5.79
2026-10-07T07:13:28+00:00,TAO-EUR,269.08,269.19,269.135,4.09,445.44,224.32,196957.45,180193.84,226369.01,226191.89,2.04,2.27,3.38,2.04,2.08,2.46
2026-10-07T07:13:28+00:00,SUI-EUR,1.01734,1.01751,1.017425,1.67,1793.67,276.48,192669.26,176010.16,234553.27,236244.05,0.84,0.92,2.46,0.84,0.84,0.85
2026-10-07T07:13:28+00:00,RLC-EUR,0.67308,0.67436,0.67372,19.0,158.7,89.5,6772.35,10254.35,19505.5,22893.94,9.52,9.66,13.93,9.5,15.78,17.98
2026-10-07T07:13:28+00:00,AVAX-EUR,10.0738,10.078,10.0759,4.17,535.31,207.12,120622.58,136794.56,169881.47,186640.96,2.08,3.65,5.21,2.08,2.08,3.46
2026-10-07T07:13:28+00:00,FET-EUR,0.20792,0.20796,0.20794,1.92,219.66,44.5,73618.61,40610.13,103859.9,50995.69,3.9,8.51,15.21,0.96,1.23,5.24
2026-10-07T07:13:28+00:00,ZEUS-EUR,0.0058343,0.0060674,0.00595085,391.71,47.18,91.11,0.0,0.0,0.0,0.0,195.87,198.2,199.72,195.94,198.35,236.01
2026-10-07T07:13:28+00:00,PUMP-EUR,0.0058701,0.0058779,0.005874,13.28,129.55,129.72,56018.74,61465.38,68543.54,73541.62,6.64,6.77,7.92,6.64,6.77,6.87
2026-10-07T07:13:28+00:00,ORCA-EUR,2.69906,2.71056,2.70481,42.52,239.06,969.23,6915.26,5077.94,17947.75,19317.81,21.26,21.26,21.28,21.26,21.28,24.09
2026-10-07T07:13:28+00:00,LINK-EUR,12.2852,12.2898,12.2875,3.74,681.85,653.74,154303.3,145870.04,180526.42,183077.11,1.87,1.87,1.93,1.87,1.87,2.86
2026-10-07T07:13:28+00:00,ENA-EUR,0.21304,0.21314,0.21309,4.69,1566.75,3750.69,59825.57,50383.8,74919.08,72959.79,2.35,2.35,2.35,2.35,2.35,2.45
2026-10-07T07:13:28+00:00,WLD-EUR,0.47,0.47006,0.47003,1.28,14357.14,104.66,172859.37,63900.58,237152.62,86802.69,0.64,3.71,4.44,0.64,0.64,0.64
2026-10-07T07:13:28+00:00,HBAR-EUR,0.085686,0.08573,0.085708,5.13,48.1,646.68,91424.13,97366.63,147605.73,129202.42,2.57,2.57,2.88,2.63,2.68,3.78
2026-10-07T07:13:28+00:00,ONDO-EUR,0.42498,0.42528,0.42513,7.06,400.57,419.09,69103.81,49872.71,94120.34,68297.97,3.53,4.21,7.24,3.53,3.58,5.9
2026-10-07T07:13:28+00:00,NMR-EUR,14.8224,14.9019,14.86215,53.49,50.18,10.0,2362.48,2301.64,15320.49,16449.59,31.23,31.64,34.74,26.78,26.82,29.48
2026-10-07T07:13:28+00:00,RENDER-EUR,1.8828,1.8842,1.8835,7.43,349.06,235.92,30214.69,24120.06,44687.69,29396.51,3.72,8.44,11.87,3.72,4.2,7.22
2026-10-07T07:13:28+00:00,CAP-EUR,0.0770213,0.0772237,0.0771225,26.24,1811.89,1792.23,12619.86,19475.02,36748.59,25820.66,13.12,13.12,13.12,13.12,13.12,13.12
2026-10-07T07:13:28+00:00,XLM-EUR,0.18442,0.18451,0.184465,4.88,882.65,552.03,102995.94,99477.94,150148.56,118956.94,2.44,2.44,2.83,2.44,2.44,2.92
2026-10-07T07:13:28+00:00,DOGE-EUR,0.081061,0.081096,0.0810785,4.32,918.65,487.8,115279.1,109235.41,146433.15,148394.78,2.16,2.16,2.61,2.16,2.16,2.3
2026-10-07T07:13:28+00:00,PEPE-EUR,3.6918e-06,3.6937e-06,3.6927e-06,5.15,1354.71,892.14,108248.33,68036.48,124275.12,71081.39,2.57,2.57,3.18,2.57,2.57,3.18
2026-10-07T07:13:28+00:00,INJ-EUR,6.7401,6.7527,6.7464,18.68,2849.78,3600.0,41171.85,24220.5,54694.49,32669.93,9.34,9.34,9.34,9.34,9.34,9.34
2026-10-07T07:13:28+00:00,UNI-EUR,7.3132,7.3186,7.3159,7.38,200.22,754.12,44902.13,45063.64,63959.56,53996.34,3.69,3.69,4.0,3.69,3.77,4.02
2026-10-07T07:13:28+00:00,DOT-EUR,1.0113,1.0121,1.0117,7.91,1000.0,18.19,58317.45,37393.07,103631.76,52696.79,4.76,5.57,8.06,3.95,3.95,6.43
2026-10-07T07:13:28+00:00,ZRO-EUR,1.9798,1.9823,1.98105,12.62,553.9,12.01,20595.27,20602.51,34116.7,23780.01,6.75,6.8,7.18,6.31,6.31,9.33
2026-10-07T07:13:28+00:00,PNT-EUR,0.045049,0.045166,0.0451075,25.94,1644.76,2802.83,4127.63,2860.9,4371.08,3004.72,12.97,12.97,12.97,12.97,12.97,14.05
2026-10-07T07:13:28+00:00,USELESS-EUR,0.190159,0.190538,0.1903485,19.91,249.01,161.58,24216.56,13353.35,50846.29,24008.57,9.96,10.08,12.89,9.96,10.12,13.14
2026-10-07T07:13:28+00:00,MOVR-EUR,1.6597,1.6632,1.66145,21.07,375.31,364.07,19881.59,19007.74,40577.2,21747.9,10.53,10.7,11.03,10.53,10.68,19.46
2026-10-07T07:13:28+00:00,TRB-EUR,18.557,18.587,18.572,16.15,30.0,847.08,13401.48,10976.69,30017.99,15976.69,8.08,8.08,9.32,10.34,14.05,18.59
2026-10-07T07:13:28+00:00,PARTI-EUR,0.031521,0.031642,0.0315815,38.31,466.7,80.95,13380.51,6651.49,28199.89,13207.12,19.22,19.61,19.75,19.16,19.18,19.4
2026-10-07T07:13:28+00:00,LTC-EUR,60.401,60.439,60.42,6.29,700.65,13.08,102893.64,74949.35,159965.42,100009.93,3.29,4.1,5.16,3.14,3.14,3.32
2026-10-07T07:13:28+00:00,ICP-EUR,2.875,2.8793,2.87715,14.95,199.02,3600.0,38405.15,24338.59,59479.45,34789.59,7.47,7.47,7.47,7.47,8.16,8.69
2026-10-07T07:13:28+00:00,LPT-EUR,1.5243,1.5296,1.52695,34.71,140.63,195.87,3879.06,1981.81,17380.82,4704.42,17.35,20.28,29.69,17.35,17.87,26.85
2026-10-07T07:13:28+00:00,API3-EUR,0.28726,0.28825,0.287755,34.4,1920.63,71.82,6980.87,6407.48,15981.92,11704.7,17.3,22.01,23.23,17.2,17.2,17.34
2026-10-07T07:13:28+00:00,RAY-EUR,2.03912,2.04192,2.04052,13.72,49.0,280.82,18423.83,13021.68,41074.41,19900.54,6.86,8.11,10.5,6.96,7.04,9.13
2026-10-07T07:13:28+00:00,PROM-EUR,4.9309,4.9434,4.93715,25.32,125.9,147.09,11338.62,3987.61,20993.22,11758.9,12.66,14.14,18.04,12.66,19.48,21.33
2026-10-07T07:13:28+00:00,PENGU-EUR,0.007969,0.0079776,0.0079733,10.79,882.27,883.22,35292.85,34301.55,49003.08,51627.16,5.39,5.39,5.8,5.39,5.39,5.8
2026-10-07T07:13:28+00:00,SPX-EUR,0.36077,0.36102,0.360895,6.93,24.01,410.54,39121.82,34748.15,48179.43,38050.18,3.46,3.61,5.68,3.67,3.73,3.74
2026-10-07T07:13:28+00:00,SHIB-EUR,4.9579e-06,4.9605e-06,4.9592e-06,5.24,890.79,5795.45,41932.38,32895.87,56308.45,48772.61,2.62,2.62,2.62,2.62,2.62,2.84
2026-10-07T07:18:44+00:00,BTC-EUR,75059.0,75060.0,75059.5,0.13,24218.83,29237.93,1851427.3,2058326.99,2649345.15,2140388.91,0.07,0.07,0.07,0.07,0.07,0.07
2026-10-07T07:18:44+00:00,ADA-EUR,0.23013,0.23033,0.23023,8.69,999.92,5679.94,145972.08,156434.84,326951.9,226434.84,4.34,4.34,4.34,4.34,4.34,5.21
2026-10-07T07:18:44+00:00,XRP-EUR,1.31447,1.31448,1.314475,0.08,866.79,3024.35,709512.57,609653.24,1192638.03,1020069.32,0.04,0.04,0.04,0.04,0.04,0.26
2026-10-07T07:18:44+00:00,ETH-EUR,2333.18,2333.19,2333.185,0.04,1340.44,1824.68,953996.28,842805.07,1334189.21,1075620.68,0.02,0.02,0.03,0.02,0.02,0.06
2026-10-07T07:18:44+00:00,SOL-EUR,105.962,105.963,105.9625,0.09,992.23,2479.67,389556.94,378788.1,529776.21,589132.69,0.05,0.05,0.05,0.05,0.05,0.16
2026-10-07T07:18:44+00:00,QNT-EUR,226.8,226.998,226.899,8.73,15.71,1633.0,87330.57,76935.37,150407.44,124204.25,4.36,4.36,4.38,4.4,4.43,4.59
2026-10-07T07:18:44+00:00,HYPE-EUR,81.322,81.33,81.326,0.98,1250.09,312.69,282479.22,314530.58,338366.93,400734.01,0.49,0.54,1.35,0.49,0.49,1.18
2026-10-07T07:18:44+00:00,NEAR-EUR,4.625,4.6282,4.6266,6.92,561.72,535.15,96191.05,124359.22,141004.4,165246.01,3.46,3.46,3.84,3.46,3.46,5.1
2026-10-07T07:18:44+00:00,TAO-EUR,269.48,269.52,269.5,1.48,1175.6,162.56,177820.35,175438.2,214652.03,262498.96,0.74,1.52,2.97,0.74,0.74,1.55
2026-10-07T07:18:44+00:00,SUI-EUR,1.01725,1.01727,1.01726,0.2,999.98,261.05,179923.25,123776.96,220460.96,200145.62,0.1,0.9,1.87,0.1,0.1,1.16
2026-10-07T07:18:44+00:00,RLC-EUR,0.6791,0.6804,0.67975,19.12,160.11,66.95,14138.22,11524.55,24569.07,17376.17,9.61,14.74,20.12,9.56,10.47,12.66
2026-10-07T07:18:44+00:00,AVAX-EUR,10.0667,10.069,10.06785,2.28,167.78,223.14,146007.3,136208.52,207238.31,174939.82,1.14,1.65,3.69,1.14,1.8,2.1
2026-10-07T07:18:44+00:00,FET-EUR,0.20828,0.20833,0.208305,2.4,200.42,44.58,65238.96,45538.99,98000.07,53950.14,3.59,7.57,13.59,1.2,4.08,7.43
2026-10-07T07:18:44+00:00,PUMP-EUR,0.005864,0.0058687,0.00586635,8.01,1280.5,129.52,67649.7,71550.89,86766.35,83166.55,4.01,4.13,4.99,4.01,4.01,4.44
2026-10-07T07:18:44+00:00,ZEUS-EUR,0.0059406,0.0060074,0.005974,111.82,114.17,49.47,0.0,0.0,1204.57,897.6,55.99,60.05,113.28,55.91,57.51,161.64
2026-10-07T07:18:44+00:00,ORCA-EUR,2.70612,2.71448,2.7103,30.85,45.34,39.33,7722.86,8724.1,20890.76,19658.9,15.45,15.46,20.38,15.44,15.46,15.51
2026-10-07T07:18:44+00:00,LINK-EUR,12.2862,12.2899,12.28805,3.01,711.4,715.0,144079.89,170721.98,194392.44,184467.51,1.51,1.51,1.56,1.51,1.51,1.56
2026-10-07T07:18:44+00:00,ENA-EUR,0.21256,0.21279,0.212675,10.81,40.09,534.96,60959.26,59516.72,82397.58,66509.68,5.41,5.41,6.17,5.69,6.15,7.17
2026-10-07T07:18:44+00:00,WLD-EUR,0.47017,0.4705,0.470335,7.02,199.99,686.36,162614.78,74564.43,216985.18,99842.08,3.51,3.51,5.49,3.51,3.64,3.74
2026-10-07T07:18:44+00:00,HBAR-EUR,0.085623,0.085665,0.085644,4.9,224.15,47.79,90300.56,96108.78,153212.79,130472.39,2.51,2.56,2.67,2.45,3.74,4.89
2026-10-07T07:18:44+00:00,ONDO-EUR,0.42433,0.42479,0.42456,10.83,242.46,423.92,64619.81,19743.57,106958.0,65504.43,5.42,5.78,7.48,5.42,5.54,6.68
2026-10-07T07:18:44+00:00,NMR-EUR,14.8018,14.8852,14.8435,56.19,97.56,249.95,2386.89,1999.91,15964.33,12527.55,28.09,28.13,32.85,28.09,28.17,31.47
2026-10-07T07:18:44+00:00,RENDER-EUR,1.884,1.8853,1.88465,6.9,421.76,216.45,26638.66,24166.95,40102.51,29286.32,3.45,8.27,13.25,3.45,3.7,4.99
2026-10-07T07:18:44+00:00,CAP-EUR,0.0771486,0.0773623,0.07725545,27.66,23.84,24.54,12316.3,16618.87,35723.66,24991.32,13.84,13.84,14.41,13.84,13.84,13.84
2026-10-07T07:18:44+00:00,XLM-EUR,0.18445,0.18447,0.18446,1.08,860.15,522.28,106678.57,113931.46,153540.71,133410.5,0.54,0.54,2.93,0.54,0.54,2.03
2026-10-07T07:18:44+00:00,DOGE-EUR,0.080998,0.081022,0.08101,2.96,284.57,1414.79,118063.19,115447.15,167871.18,145791.91,1.48,1.48,1.72,1.48,1.53,2.11
2026-10-07T07:18:44+00:00,PEPE-EUR,3.6902e-06,3.6917e-06,3.6909e-06,4.06,891.29,10.5,99947.62,69124.14,116098.57,72168.89,5.65,6.01,6.67,2.03,2.03,2.48
2026-10-07T07:18:44+00:00,INJ-EUR,6.7535,6.7633,6.7584,14.5,1339.67,149.0,26797.07,20197.02,56860.44,22843.83,7.25,8.37,9.53,7.25,7.25,7.3
2026-10-07T07:18:44+00:00,UNI-EUR,7.3265,7.3319,7.3292,7.37,754.93,207.99,54490.66,49858.71,67999.22,66677.94,3.68,4.72,5.62,3.68,3.68,4.9
2026-10-07T07:18:44+00:00,ZRO-EUR,1.9771,1.9799,1.9785,14.15,12.24,541.62,19963.51,21673.69,36660.82,29090.99,7.08,7.08,7.72,7.52,7.57,11.01
2026-10-07T07:18:44+00:00,DOT-EUR,1.0092,1.01,1.0096,7.92,8.38,18.52,58034.1,38506.47,103878.55,53770.17,4.77,4.92,5.22,4.87,4.94,5.44
2026-10-07T07:18:44+00:00,PNT-EUR,0.042951,0.04327,0.0431105,74.0,83.32,318.99,1182.36,622.76,1274.64,825.21,37.0,38.6,156.48,37.04,37.19,75.97
2026-10-07T07:18:44+00:00,USELESS-EUR,0.190112,0.190584,0.190348,24.8,161.22,161.62,23238.84,10923.78,54047.88,25485.03,12.4,12.44,14.76,12.4,12.55,14.74
2026-10-07T07:18:44+00:00,MOVR-EUR,1.6639,1.6671,1.6655,19.21,364.23,12.07,18961.15,18998.46,39501.61,21980.33,10.13,10.52,15.69,9.61,9.77,11.93
2026-10-07T07:18:44+00:00,TRB-EUR,18.601,18.636,18.6185,18.8,89.24,1800.0,10023.37,7402.99,16234.33,13234.06,9.4,9.4,9.77,9.46,11.57,16.08
2026-10-07T07:18:44+00:00,PARTI-EUR,0.031648,0.031774,0.031711,39.73,23.21,23.3,6591.89,8307.49,26327.55,13472.24,20.11,20.57,21.46,20.11,20.25,22.17
2026-10-07T07:18:44+00:00,LTC-EUR,60.385,60.417,60.401,5.3,698.01,50.12,99179.16,71732.24,156297.06,97193.93,3.39,4.49,5.07,2.65,2.65,2.87
2026-10-07T07:18:44+00:00,ICP-EUR,2.8748,2.8793,2.87705,15.64,5702.97,198.97,38339.0,30074.71,63343.11,40541.38,7.82,8.66,9.07,7.82,7.82,7.82
2026-10-07T07:18:44+00:00,LPT-EUR,1.525,1.53,1.5275,32.73,250.0,363.57,7396.58,2289.37,10975.6,5056.52,16.37,17.08,27.04,16.37,17.27,21.86
2026-10-07T07:18:44+00:00,API3-EUR,0.28762,0.28851,0.288065,30.9,250.0,339.34,7404.25,5548.37,10294.22,8546.44,15.45,18.23,22.65,15.45,15.62,15.75
2026-10-07T07:18:44+00:00,RAY-EUR,2.04388,2.04559,2.044735,8.36,165.5,241.35,13476.13,15652.06,30488.08,28149.29,4.18,6.58,8.53,4.18,4.21,6.04
2026-10-07T07:18:44+00:00,PROM-EUR,4.9161,4.9265,4.9213,21.13,59.92,61.33,10956.28,10214.42,20882.22,14275.7,10.64,13.35,16.74,10.65,10.75,10.78
2026-10-07T07:18:44+00:00,PENGU-EUR,0.0079734,0.0079825,0.00797795,11.41,882.76,49.0,31448.67,31240.39,49081.68,48558.51,5.77,6.26,6.78,5.7,5.7,6.13
2026-10-07T07:18:44+00:00,SPX-EUR,0.36038,0.36051,0.360445,3.61,24.58,307.54,33212.78,34653.32,46171.36,37955.29,1.8,3.02,5.96,2.01,2.07,2.22
2026-10-07T07:18:44+00:00,SHIB-EUR,4.9491e-06,4.9539e-06,4.9515e-06,9.69,888.35,795.53,27621.39,24755.36,45764.96,32323.73,4.85,4.85,6.2,4.85,4.85,5.16
2026-10-07T07:24:00+00:00,BTC-EUR,75119.0,75120.0,75119.5,0.13,36093.04,9764.51,2027691.98,2107606.32,2102132.07,2186243.09,0.07,0.07,0.07,0.07,0.07,0.07
2026-10-07T07:24:00+00:00,ADA-EUR,0.23001,0.23004,0.230025,1.3,1000.0,191.51,229422.67,148017.55,372100.14,168017.55,0.65,1.19,2.63,0.65,0.65,1.21
2026-10-07T07:24:00+00:00,XRP-EUR,1.31401,1.31402,1.314015,0.08,7768.07,649.34,626511.39,617341.08,999752.07,972197.71,0.04,0.04,2.04,0.04,0.04,0.04
2026-10-07T07:24:00+00:00,ETH-EUR,2334.0,2334.01,2334.005,0.04,19485.24,1219.26,827706.94,798460.95,1258691.0,1080762.59,0.02,0.02,0.05,0.02,0.02,0.02
2026-10-07T07:24:00+00:00,SOL-EUR,105.936,105.937,105.9365,0.09,686.84,341.48,422857.45,362441.08,564540.9,546243.27,0.05,0.17,1.04,0.05,0.05,0.72
2026-10-07T07:24:00+00:00,QNT-EUR,226.65,226.901,226.7755,11.07,15.72,821.42,74602.26,85348.97,157237.73,139585.05,5.53,5.53,6.23,5.57,5.58,5.61
2026-10-07T07:24:00+00:00,HYPE-EUR,81.275,81.299,81.287,2.95,590.51,1235.77,269445.26,243205.3,342497.5,384956.6,1.48,1.48,1.63,1.48,1.48,2.37
2026-10-07T07:24:00+00:00,NEAR-EUR,4.6173,4.62,4.61865,5.85,1083.21,534.99,119368.88,99635.04,167869.56,152637.42,2.92,2.92,4.92,2.92,2.92,3.96
2026-10-07T07:24:00+00:00,TAO-EUR,268.62,268.71,268.665,3.35,445.87,221.41,185246.71,145543.35,226399.37,188602.69,1.67,2.28,3.28,1.67,1.76,2.32
2026-10-07T07:24:00+00:00,SUI-EUR,1.01572,1.01574,1.01573,0.2,1000.0,223.88,196181.42,108587.89,225402.81,198124.32,0.1,0.86,1.62,0.1,0.1,0.27
2026-10-07T07:24:00+00:00,RLC-EUR,0.69583,0.69646,0.696145,9.05,2675.47,89.22,11510.86,8338.11,25131.76,21055.34,4.54,6.69,11.84,4.52,4.52,4.52
2026-10-07T07:24:00+00:00,AVAX-EUR,10.0446,10.0469,10.04575,2.29,267.56,168.26,165724.23,94913.94,202164.7,137946.23,1.14,1.34,3.54,1.14,1.41,1.99
2026-10-07T07:24:00+00:00,FET-EUR,0.20779,0.2078,0.207795,0.48,1715.1,325.65,55807.67,44654.13,82511.12,54450.95,0.24,4.1,9.75,0.24,0.24,0.86
2026-10-07T07:24:00+00:00,PUMP-EUR,0.0058509,0.005855,0.00585295,7.01,1257.35,64.61,75717.99,80645.41,92093.79,93036.44,3.56,3.65,4.68,3.5,3.5,3.57
2026-10-07T07:24:00+00:00,ZEUS-EUR,0.0059625,0.006045,0.00600375,137.41,50.19,314.74,0.0,0.0,974.17,512.11,68.71,69.47,165.66,68.79,69.39,128.08
2026-10-07T07:24:00+00:00,ORCA-EUR,2.72265,2.7332,2.727925,38.67,45.06,207.61,10176.57,6262.07,18453.77,13933.33,19.34,20.3,20.84,19.36,19.37,19.42
2026-10-07T07:24:00+00:00,LINK-EUR,12.2658,12.2686,12.2672,2.28,693.57,662.68,156980.15,155073.71,194229.68,178740.23,1.14,1.14,2.99,1.14,1.14,1.89
2026-10-07T07:24:00+00:00,ENA-EUR,0.21209,0.21219,0.21214,4.71,1026.6,223.02,52553.09,51822.03,76052.72,63816.65,2.36,3.14,5.59,2.36,2.36,3.05
2026-10-07T07:24:00+00:00,WLD-EUR,0.46931,0.46945,0.46938,2.98,30.96,57.7,128221.7,81566.67,162463.51,105274.41,3.65,6.01,8.91,1.64,1.96,2.62
2026-10-07T07:24:00+00:00,HBAR-EUR,0.085571,0.085629,0.0856,6.78,48.14,47.5,87952.55,97127.01,145251.01,130657.78,3.45,3.5,3.83,3.45,3.73,4.06
2026-10-07T07:24:00+00:00,ONDO-EUR,0.42396,0.42433,0.424145,8.72,535.34,535.8,62804.68,21966.91,108828.69,36233.05,4.36,4.36,7.84,4.36,4.36,4.67
2026-10-07T07:24:00+00:00,NMR-EUR,14.8894,14.9424,14.9159,35.53,47.46,10.0,7438.41,2226.85,17162.71,7979.11,34.26,35.77,42.9,17.8,17.84,19.56
2026-10-07T07:24:00+00:00,RENDER-EUR,1.885,1.8865,1.88575,7.95,288.19,226.27,31570.1,28292.25,48127.17,31090.65,3.98,8.36,13.28,3.98,4.2,5.62
2026-10-07T07:24:00+00:00,CAP-EUR,0.0772784,0.0775084,0.0773934,29.72,1793.5,24.62,9759.05,17075.47,23961.17,27932.6,14.87,14.87,14.88,14.86,14.86,14.86
2026-10-07T07:24:00+00:00,XLM-EUR,0.18445,0.18447,0.18446,1.08,990.57,165.94,110490.36,110808.02,150159.26,129187.78,0.54,0.9,3.41,0.54,0.54,1.64
2026-10-07T07:24:00+00:00,DOGE-EUR,0.081017,0.081033,0.081025,1.97,189.49,925.21,136898.04,115789.02,163086.63,146444.65,0.99,0.99,2.29,0.99,1.07,1.32
2026-10-07T07:24:00+00:00,PEPE-EUR,3.6948e-06,3.6968e-06,3.6958e-06,5.41,1782.15,891.94,104250.56,66912.52,120401.71,69957.44,2.71,2.71,2.93,2.71,2.71,3.09
2026-10-07T07:24:00+00:00,INJ-EUR,6.7416,6.7565,6.74905,22.08,445.76,470.05,27952.62,27585.2,53743.08,36043.83,11.04,11.05,12.75,11.04,11.05,11.26
2026-10-07T07:24:00+00:00,UNI-EUR,7.3263,7.331,7.32865,6.41,754.91,446.0,55608.39,48357.55,82283.55,64233.8,3.21,3.22,4.63,3.21,3.21,3.59
2026-10-07T07:24:00+00:00,ZRO-EUR,1.9702,1.9733,1.97175,15.72,551.12,750.8,21633.48,20728.93,39168.86,23903.92,7.86,7.86,10.15,7.86,7.86,9.56
2026-10-07T07:24:00+00:00,DOT-EUR,1.008,1.0086,1.0083,5.95,3359.81,18.46,56945.12,38244.9,108253.38,53538.57,4.06,5.57,6.27,2.98,2.98,2.98
2026-10-07T07:24:00+00:00,PNT-EUR,0.042102,0.04241,0.042256,72.89,53.12,54.25,53.12,54.25,186.85,206.19,59.77,102.97,235.1,52.67,108.72,182.7
2026-10-07T07:24:00+00:00,USELESS-EUR,0.189968,0.190364,0.190166,20.82,149.0,161.43,30999.47,16273.6,49499.13,22376.44,10.41,10.63,14.49,10.41,10.91,14.27
2026-10-07T07:24:00+00:00,MOVR-EUR,1.6723,1.675,1.67365,16.13,366.07,206.24,17709.34,19402.98,24517.42,22143.36,8.07,8.42,13.32,8.07,8.23,15.27
2026-10-07T07:24:00+00:00,PARTI-EUR,0.031543,0.031666,0.0316045,38.92,346.94,348.29,9145.65,5161.22,27539.34,13250.97,19.46,19.56,19.72,19.46,19.66,20.22
2026-10-07T07:24:00+00:00,TRB-EUR,18.545,18.589,18.567,23.7,140.63,30.06,10739.89,7003.4,25120.6,15580.82,12.23,13.55,14.29,11.85,13.06,16.9
2026-10-07T07:24:00+00:00,LTC-EUR,60.415,60.434,60.4245,3.14,1000.0,50.14,103983.82,81379.99,156966.85,99638.34,2.15,4.83,6.64,1.57,1.57,2.56
2026-10-07T07:24:00+00:00,ICP-EUR,2.8746,2.8791,2.87685,15.64,5702.66,198.97,37621.21,28697.74,51177.46,39781.25,7.82,8.5,9.03,7.82,7.82,7.82
2026-10-07T07:24:00+00:00,PROM-EUR,4.8891,4.8999,4.8945,22.07,169.81,954.13,9812.11,10454.04,30373.15,14797.13,11.03,11.03,13.63,11.03,11.17,11.24
2026-10-07T07:24:00+00:00,LPT-EUR,1.5263,1.5299,1.5281,23.56,96.37,47.43,8420.41,2529.44,17330.65,5286.64,12.12,13.3,27.17,11.8,14.79,21.76
2026-10-07T07:24:00+00:00,RAY-EUR,2.04545,2.0472,2.046325,8.55,242.55,288.37,19039.79,14394.08,32840.14,21975.29,4.28,5.93,7.92,4.28,6.29,9.47
2026-10-07T07:24:00+00:00,API3-EUR,0.28791,0.289,0.288455,37.79,250.0,71.84,3687.01,5102.84,8353.16,9646.81,18.99,21.59,22.95,18.89,21.15,22.84
2026-10-07T07:24:00+00:00,PENGU-EUR,0.0079578,0.0079667,0.00796225,11.18,881.03,882.01,30319.55,31365.85,62859.18,48661.54,5.59,5.59,6.55,5.59,5.59,6.69
2026-10-07T07:24:00+00:00,SPX-EUR,0.36023,0.36042,0.360325,5.27,1710.37,515.8,36327.1,32172.99,49197.96,35474.89,2.64,2.64,5.44,2.64,2.64,2.8
2026-10-07T07:24:00+00:00,SHIB-EUR,4.9498e-06,4.9524e-06,4.9511e-06,5.25,891.44,1086.83,38317.23,31181.46,54543.91,33768.89,2.63,2.63,4.95,2.63,2.63,4.94
2026-10-07T07:29:17+00:00,BTC-EUR,75100.0,75101.0,75100.5,0.13,1171.98,24514.29,1887168.11,1880291.93,2686696.45,1958934.29,0.07,0.07,0.07,0.07,0.07,0.47
2026-10-07T07:29:17+00:00,ADA-EUR,0.23005,0.23012,0.230085,3.04,439.9,242.04,208077.48,133912.57,339557.55,203912.57,1.52,2.19,2.67,1.52,1.57,2.33
2026-10-07T07:29:17+00:00,XRP-EUR,1.31317,1.31324,1.313205,0.53,12.36,1122.54,604881.29,619782.84,1083465.64,942623.25,0.27,0.27,0.47,0.33,0.37,0.64
2026-10-07T07:29:17+00:00,ETH-EUR,2334.0,2334.01,2334.005,0.04,93.36,30.7,772452.0,710975.71,1202927.41,993383.66,0.05,0.06,0.39,0.04,0.3,0.4
2026-10-07T07:29:17+00:00,SOL-EUR,105.868,105.869,105.8685,0.09,1926.56,442.82,395297.3,322245.86,578080.64,461439.17,0.05,0.07,1.11,0.05,0.05,0.05
2026-10-07T07:29:17+00:00,QNT-EUR,226.708,226.861,226.7845,6.75,231.49,16.02,77910.59,62619.97,135750.71,93972.19,3.41,3.42,5.74,3.37,3.4,3.55
2026-10-07T07:29:17+00:00,HYPE-EUR,81.096,81.1,81.098,0.49,8137.67,668.7,254195.38,237674.28,327280.07,324018.09,0.25,0.25,1.72,0.25,0.25,0.25
2026-10-07T07:29:17+00:00,NEAR-EUR,4.6214,4.624,4.6227,5.62,12.22,750.48,60258.12,57775.48,125127.83,126185.09,2.81,2.81,3.75,3.0,3.02,4.07
2026-10-07T07:29:17+00:00,TAO-EUR,269.09,269.15,269.12,2.23,217.41,202.66,185490.53,177544.84,223303.03,275247.81,1.11,1.77,3.36,1.11,1.74,2.33
2026-10-07T07:29:17+00:00,SUI-EUR,1.01435,1.01451,1.01443,1.58,12.35,284.25,175498.2,95176.22,204267.88,141831.38,0.79,1.09,2.07,0.88,0.93,1.09
2026-10-07T07:29:17+00:00,RLC-EUR,0.68465,0.68594,0.685295,18.82,88.99,89.16,9426.4,5651.31,18965.46,14998.6,9.43,12.06,21.04,9.43,10.22,11.47
2026-10-07T07:29:17+00:00,AVAX-EUR,10.0451,10.0483,10.0467,3.19,153.48,159.07,98547.73,106472.57,154901.34,145249.77,1.59,1.82,3.42,1.59,1.79,2.49
2026-10-07T07:29:17+00:00,FET-EUR,0.20737,0.20773,0.20755,17.35,318.97,459.59,69174.45,42491.61,96777.65,53203.65,8.67,9.02,12.06,8.67,8.88,9.71
2026-10-07T07:29:17+00:00,PUMP-EUR,0.005872,0.0058761,0.00587405,6.98,1261.88,534.52,41671.64,31406.17,57560.08,88999.51,3.49,3.49,5.19,3.49,3.49,3.55
2026-10-07T07:29:17+00:00,ZEUS-EUR,0.0059711,0.0060207,0.0059959,82.72,107.97,1230.11,362.31,1230.11,622.44,3888.05,41.36,41.36,53.72,41.36,44.38,196.1
2026-10-07T07:29:17+00:00,ORCA-EUR,2.68791,2.69874,2.693325,40.21,194.8,353.87,7568.41,2660.08,12867.27,8300.77,20.11,20.12,21.43,20.11,20.13,20.71
2026-10-07T07:29:17+00:00,LINK-EUR,12.2416,12.2471,12.24435,4.49,656.01,645.58,124733.84,106912.95,162968.08,128901.44,2.25,2.25,3.29,2.25,2.25,2.3
2026-10-07T07:29:17+00:00,WLD-EUR,0.46977,0.46998,0.469875,4.47,463.65,97.14,160498.17,81091.33,192907.86,104325.2,2.31,4.46,7.23,2.23,2.25,2.4
2026-10-07T07:29:17+00:00,ENA-EUR,0.2117,0.21182,0.21176,5.67,534.71,535.02,59795.3,58807.18,74559.06,68572.08,2.83,2.83,4.4,2.83,2.83,4.22
2026-10-07T07:29:17+00:00,HBAR-EUR,0.085485,0.08552,0.0855025,4.09,48.69,48.24,90882.92,101163.95,140407.28,134599.26,2.17,3.64,4.29,2.11,2.38,2.84
2026-10-07T07:29:17+00:00,ONDO-EUR,0.42315,0.42354,0.423345,9.21,349.01,535.93,68135.89,25711.85,106751.29,39965.5,4.61,4.61,7.24,4.61,4.75,5.0
2026-10-07T07:29:17+00:00,NMR-EUR,14.8833,14.9737,14.9285,60.56,98.12,1675.71,4805.34,3263.9,17603.62,14893.68,30.28,30.28,32.26,30.28,33.55,39.17
2026-10-07T07:29:17+00:00,RENDER-EUR,1.8826,1.8838,1.8832,6.37,398.02,237.6,14171.95,13019.33,35345.77,17484.36,3.19,8.2,13.55,3.19,3.51,6.1
2026-10-07T07:29:17+00:00,CAP-EUR,0.0771997,0.0774037,0.0773017,26.39,24.13,24.27,8992.61,12889.65,30202.83,19242.52,13.2,13.21,13.21,13.2,13.21,13.21
2026-10-07T07:29:17+00:00,XLM-EUR,0.18431,0.18434,0.184325,1.63,1375.65,643.56,72370.14,74311.44,116223.71,93768.93,0.81,0.81,2.4,0.81,0.81,1.32
2026-10-07T07:29:17+00:00,DOGE-EUR,0.081028,0.081041,0.0810345,1.6,267.48,201.9,76438.15,76766.03,122586.78,107381.27,0.8,0.88,1.37,0.8,0.95,1.82
2026-10-07T07:29:17+00:00,PEPE-EUR,3.6981e-06,3.6989e-06,3.6985e-06,2.16,5.25,891.64,87939.91,68725.97,104107.28,71771.01,1.08,1.08,1.54,3.79,4.0,4.18
2026-10-07T07:29:17+00:00,INJ-EUR,6.7499,6.7625,6.7562,18.65,1338.96,148.99,16797.04,12603.94,45357.42,15134.08,9.32,9.75,11.1,9.32,9.32,9.62
2026-10-07T07:29:17+00:00,UNI-EUR,7.3166,7.3217,7.31915,6.97,496.82,146.75,56796.08,43575.59,81185.89,54798.52,3.48,3.58,3.99,3.48,3.48,3.9
2026-10-07T07:29:17+00:00,ZRO-EUR,1.9637,1.9669,1.9653,16.28,11.9,737.06,10059.08,7177.09,27409.23,19745.1,8.14,8.14,10.15,8.59,8.64,8.97
2026-10-07T07:29:17+00:00,DOT-EUR,1.0073,1.0082,1.00775,8.93,999.97,18.03,40229.45,20182.93,102470.47,35212.95,5.28,6.11,9.37,4.47,4.47,7.51
2026-10-07T07:29:17+00:00,PNT-EUR,0.043101,0.043426,0.0432635,75.12,89.28,94.15,89.28,304.23,231.75,481.24,38.07,56.75,149.55,42.01,95.18,172.45
2026-10-07T07:29:17+00:00,USELESS-EUR,0.189972,0.190369,0.1901705,20.88,149.01,161.44,28745.62,22512.64,47636.8,31147.25,10.44,11.19,15.0,10.44,11.04,12.65
2026-10-07T07:29:17+00:00,MOVR-EUR,1.6728,1.6766,1.6747,22.69,366.18,367.01,9521.31,8063.44,20532.31,10605.6,11.35,11.5,21.37,11.35,11.51,18.38
2026-10-07T07:29:17+00:00,PARTI-EUR,0.03166,0.031754,0.031707,29.65,371.96,566.17,13942.75,13915.7,29379.75,16511.85,14.82,14.82,15.72,14.82,14.9,18.34
2026-10-07T07:29:17+00:00,TRB-EUR,18.512,18.551,18.5315,21.05,339.64,62.22,11545.59,9427.86,25123.19,15613.44,11.13,11.94,12.09,10.52,10.7,14.78
2026-10-07T07:29:17+00:00,LTC-EUR,60.324,60.361,60.3425,6.13,699.76,84.95,60308.25,41599.89,112368.36,66753.52,3.39,5.05,6.3,3.07,3.07,3.36
2026-10-07T07:29:17+00:00,ICP-EUR,2.8857,2.8909,2.8883,18.0,189.63,25.23,13966.6,11209.78,36499.82,23495.88,9.26,9.33,9.34,9.0,9.83,10.25
2026-10-07T07:29:17+00:00,PROM-EUR,4.9027,4.9167,4.9097,28.51,954.68,1046.79,5673.49,5343.61,23809.97,9537.0,14.26,14.26,15.62,14.26,14.26,14.36
2026-10-07T07:29:17+00:00,LPT-EUR,1.5288,1.5289,1.52885,0.65,140.63,47.4,10966.75,2711.7,16013.78,5468.97,0.67,4.43,28.81,0.33,3.09,9.55
2026-10-07T07:29:17+00:00,RAY-EUR,2.03458,2.03602,2.0353,7.08,283.62,259.01,18126.61,17000.39,41477.46,28373.94,3.54,3.57,7.62,3.54,4.64,5.79
2026-10-07T07:29:17+00:00,API3-EUR,0.28758,0.28868,0.28813,38.18,321.85,89.28,7020.68,5456.85,15742.37,8500.6,19.39,22.1,24.27,19.09,19.21,19.38
2026-10-07T07:29:17+00:00,PENGU-EUR,0.0079488,0.0079573,0.00795305,10.69,880.03,880.97,15900.28,23053.56,46658.09,40124.53,5.34,5.34,6.97,5.34,5.34,5.5
2026-10-07T07:29:17+00:00,SPX-EUR,0.36048,0.36078,0.36063,8.32,23.99,531.71,25202.8,21407.49,37989.81,26670.25,4.16,4.16,7.22,4.37,4.42,5.7
2026-10-07T07:29:17+00:00,JUP-EUR,0.29805,0.29857,0.29831,17.43,4224.28,198.98,21604.94,22082.63,50048.78,33233.61,8.72,9.46,10.89,8.72,8.72,8.72
2026-10-07T07:34:41+00:00,BTC-EUR,75164.0,75165.0,75164.5,0.13,8715.66,4776.83,1949194.86,1995772.36,2248217.15,2154438.96,0.07,0.07,0.07,0.07,0.07,0.07
2026-10-07T07:34:41+00:00,ADA-EUR,0.23066,0.23085,0.230755,8.23,1000.0,3807.76,185585.08,120952.66,350556.47,208785.86,4.12,4.12,4.12,4.12,4.12,4.55
2026-10-07T07:34:41+00:00,XRP-EUR,1.31419,1.31433,1.31426,1.07,12.26,762.55,841313.43,690551.4,1191100.01,1055827.05,0.53,0.53,0.58,0.6,0.61,0.61
2026-10-07T07:34:41+00:00,ETH-EUR,2337.89,2337.9,2337.895,0.04,817.57,5237.69,977784.06,1024387.88,1230566.4,1286321.58,0.02,0.02,0.02,0.02,0.02,0.22
2026-10-07T07:34:41+00:00,SOL-EUR,105.98,105.981,105.9805,0.09,24.84,3806.56,373412.19,346031.75,534780.05,535885.49,0.05,0.05,0.05,0.97,1.21,1.49
2026-10-07T07:34:41+00:00,QNT-EUR,225.902,226.064,225.983,7.17,300.0,1080.75,89711.95,78528.39,148040.23,117880.91,3.58,3.58,3.6,3.58,3.6,4.58
2026-10-07T07:34:41+00:00,HYPE-EUR,81.163,81.171,81.167,0.99,1000.0,669.07,266955.97,265798.78,357595.15,384885.23,0.49,0.49,1.56,0.49,0.49,1.55
2026-10-07T07:34:41+00:00,NEAR-EUR,4.6329,4.6353,4.6341,5.18,741.0,12.14,93738.2,130247.84,142969.61,166038.27,2.78,2.8,3.69,2.59,2.59,4.07
2026-10-07T07:34:41+00:00,TAO-EUR,269.83,269.91,269.87,2.96,446.01,220.28,162772.06,191821.41,221055.43,224882.11,1.48,1.89,3.22,1.48,1.52,2.05
2026-10-07T07:34:41+00:00,SUI-EUR,1.01647,1.01657,1.01652,0.98,924.34,207.33,179307.97,128777.18,220825.93,209976.29,0.49,0.9,1.24,0.49,0.49,0.63
2026-10-07T07:34:41+00:00,RLC-EUR,0.68802,0.68966,0.68884,23.81,66.78,66.93,14106.67,10663.13,27635.85,21653.66,11.95,14.72,19.67,11.95,12.23,12.53
2026-10-07T07:34:41+00:00,AVAX-EUR,10.0646,10.0675,10.06605,2.88,164.87,95.29,159185.13,136971.5,208917.7,166098.51,1.5,3.19,5.87,1.44,1.57,1.92
2026-10-07T07:34:41+00:00,FET-EUR,0.20782,0.20806,0.20794,11.54,358.44,7.01,58768.97,49452.1,94331.76,56952.1,6.61,6.71,7.98,5.77,7.68,11.53
2026-10-07T07:34:41+00:00,PUMP-EUR,0.0059094,0.0059145,0.00591195,8.63,1269.92,374.89,74827.82,61425.98,91223.91,72689.24,4.31,4.36,5.78,4.31,4.31,4.38
2026-10-07T07:34:41+00:00,ZEUS-EUR,0.0061225,0.006172,0.00614725,80.52,49.01,104.23,101.51,722.95,467.88,722.95,40.26,40.48,119.59,40.34,87.5,183.17
2026-10-07T07:34:41+00:00,ORCA-EUR,2.6072,2.6093,2.60825,8.05,1784.58,356.7,10854.59,9149.64,12998.45,18888.43,4.03,4.04,9.25,4.03,4.03,6.95
2026-10-07T07:34:41+00:00,LINK-EUR,12.2448,12.2509,12.24785,4.98,655.34,687.0,141686.53,146390.42,199728.53,171744.22,2.49,2.49,3.2,2.49,2.49,3.82
2026-10-07T07:34:41+00:00,WLD-EUR,0.46962,0.46977,0.469695,3.19,91.9,57.71,154408.48,81368.93,194266.72,104596.55,3.85,6.3,8.27,1.61,1.77,2.12
2026-10-07T07:34:41+00:00,ENA-EUR,0.21156,0.21175,0.211655,8.98,2014.84,4098.63,57902.88,61932.35,79403.7,69197.49,4.49,4.49,4.49,4.49,4.49,4.49
2026-10-07T07:34:41+00:00,HBAR-EUR,0.085625,0.08567,0.0856475,5.25,252.5,385.17,94965.39,95051.18,152254.28,129633.41,2.63,2.65,3.18,2.63,2.74,3.66
2026-10-07T07:34:41+00:00,ONDO-EUR,0.42337,0.42384,0.423605,11.1,535.59,348.98,68871.65,21747.05,105586.04,33509.47,5.55,5.69,7.52,5.55,5.55,6.12
2026-10-07T07:34:41+00:00,NMR-EUR,15.0402,15.0631,15.05165,15.21,97.73,10.0,4946.23,2495.91,17239.08,15728.03,34.98,44.59,48.33,7.61,7.69,17.32
2026-10-07T07:34:41+00:00,RENDER-EUR,1.8802,1.882,1.8811,9.57,397.26,850.96,31902.06,27511.01,52734.74,31352.73,4.78,4.78,8.79,4.78,4.89,6.24
2026-10-07T07:34:41+00:00,CAP-EUR,0.0772252,0.0774208,0.077323,25.3,24.07,24.74,11379.48,16490.02,30327.17,23045.36,12.66,12.66,12.66,12.66,12.66,12.66
2026-10-07T07:34:41+00:00,XLM-EUR,0.18452,0.18455,0.184535,1.63,1323.86,644.15,106930.25,104165.96,154463.88,119201.05,0.81,0.81,2.79,0.81,0.81,1.54
2026-10-07T07:34:41+00:00,DOGE-EUR,0.081108,0.081119,0.0811135,1.36,450.73,197.34,121714.34,116827.21,168244.34,150871.03,0.68,0.75,2.55,0.68,0.69,1.2
2026-10-07T07:34:41+00:00,PEPE-EUR,3.6969e-06,3.6976e-06,3.6973e-06,1.89,1782.69,5.25,86641.27,68962.54,102792.39,71716.03,2.23,2.28,3.19,0.95,0.95,1.18
2026-10-07T07:34:41+00:00,INJ-EUR,6.7462,6.7569,6.75155,15.85,149.01,172.32,29721.19,31157.1,62765.11,33773.77,7.92,8.23,9.19,7.92,8.34,8.47
2026-10-07T07:34:41+00:00,UNI-EUR,7.3104,7.3151,7.31275,6.43,212.06,405.3,56286.07,41959.72,84408.59,53378.4,3.21,3.24,4.22,3.21,3.76,4.24
2026-10-07T07:34:41+00:00,ZRO-EUR,1.9737,1.9762,1.97495,12.66,552.01,12.29,18744.65,17255.7,36260.38,25432.4,6.77,6.82,7.46,6.33,6.33,8.48
2026-10-07T07:34:41+00:00,DOT-EUR,1.0106,1.0115,1.01105,8.9,1000.0,18.21,48582.73,34023.42,96290.86,49327.63,5.26,5.96,7.85,4.45,4.45,6.43
2026-10-07T07:34:41+00:00,PNT-EUR,0.043747,0.044371,0.044059,141.63,35.0,1163.19,0.0,0.0,669.14,1266.51,70.81,70.81,84.36,71.85,72.47,202.85
2026-10-07T07:34:41+00:00,USELESS-EUR,0.189704,0.190103,0.1899035,21.01,250.0,161.21,20952.44,21999.82,47718.47,31038.73,10.51,10.6,11.52,10.51,12.32,16.46
2026-10-07T07:34:41+00:00,MOVR-EUR,1.6836,1.687,1.6853,20.17,380.88,12.35,17669.77,17285.17,35480.5,21124.26,10.61,10.81,15.07,10.09,10.23,14.78
2026-10-07T07:34:41+00:00,PARTI-EUR,0.031504,0.031621,0.0315625,37.07,346.51,371.62,13642.77,10211.14,29834.27,18178.61,18.53,18.7,19.05,18.53,18.63,19.2
2026-10-07T07:34:41+00:00,TRB-EUR,18.485,18.51,18.4975,13.52,249.99,198.96,12664.0,8381.31,28996.82,17860.31,6.76,8.06,9.72,6.76,9.82,12.59
2026-10-07T07:34:41+00:00,LTC-EUR,60.408,60.429,60.4185,3.48,999.95,55.09,96899.93,73494.58,127313.46,98573.93,1.81,4.29,6.0,1.74,1.74,2.75
2026-10-07T07:34:41+00:00,PROM-EUR,4.7953,4.8033,4.7993,16.67,48.64,165.06,8351.2,10735.42,28432.66,15958.78,8.33,8.47,14.71,8.44,8.52,9.75
2026-10-07T07:34:41+00:00,ICP-EUR,2.886,2.8904,2.8882,15.23,199.03,18.38,29660.77,33452.5,59064.72,43438.79,8.75,8.95,8.99,7.62,8.11,9.04
2026-10-07T07:34:41+00:00,RAY-EUR,2.0321,2.03383,2.032965,8.51,258.51,258.73,17779.7,23113.99,40203.17,25613.99,4.25,4.29,5.19,4.25,4.28,9.3
2026-10-07T07:34:41+00:00,LPT-EUR,1.5294,1.5298,1.5296,2.62,140.63,47.42,11022.17,2417.93,16415.47,5175.23,1.93,4.6,32.93,1.31,5.07,14.03
2026-10-07T07:34:41+00:00,API3-EUR,0.2884,0.28935,0.288875,32.89,250.0,46.87,7563.59,6661.98,16642.28,9705.95,16.99,18.43,23.17,16.44,17.14,17.69
2026-10-07T07:34:41+00:00,PENGU-EUR,0.0079487,0.007958,0.00795335,11.69,880.02,881.05,31895.7,34458.15,61900.13,51759.39,5.85,5.85,6.18,5.85,5.85,6.06
2026-10-07T07:34:41+00:00,SPX-EUR,0.3607,0.36099,0.360845,8.04,533.2,24.3,38226.9,33231.71,46042.23,36533.73,4.23,4.47,7.0,4.02,4.02,4.22
2026-10-07T07:34:41+00:00,JUP-EUR,0.29628,0.29647,0.296375,6.41,825.92,575.21,33123.02,24403.04,55959.01,43281.31,3.21,3.21,3.45,3.21,3.21,6.66
2026-10-07T07:40:01+00:00,BTC-EUR,75170.0,75171.0,75170.5,0.13,29195.59,12780.1,1968737.87,1751247.36,2233155.65,2126198.34,0.07,0.07,0.07,0.07,0.07,0.07
2026-10-07T07:40:01+00:00,ADA-EUR,0.23055,0.2306,0.230575,2.17,442.34,458.03,226690.9,95887.07,372230.48,115887.07,1.08,1.16,2.47,1.08,1.13,3.1
2026-10-07T07:40:01+00:00,XRP-EUR,1.31431,1.31432,1.314315,0.08,1515.86,2230.95,746383.03,659470.34,1280917.27,1122649.21,0.04,0.04,0.04,0.04,0.04,0.07
2026-10-07T07:40:01+00:00,ETH-EUR,2337.84,2337.85,2337.845,0.04,2237.38,4461.87,994502.53,1085828.42,1247886.59,1367768.33,0.02,0.02,0.02,0.02,0.02,0.02
2026-10-07T07:40:01+00:00,SOL-EUR,105.99,105.991,105.9905,0.09,23.92,1449.41,434188.74,390261.06,574289.21,579911.96,0.05,0.05,0.1,0.41,0.56,0.64
2026-10-07T07:40:01+00:00,QNT-EUR,227.708,227.84,227.774,5.8,15.92,16.01,83019.4,79594.14,140441.59,126588.22,2.93,2.94,4.07,2.93,2.96,3.45
2026-10-07T07:40:01+00:00,HYPE-EUR,81.118,81.134,81.126,1.97,1000.0,1240.83,255061.61,277548.73,364784.83,363914.18,0.99,0.99,1.17,0.99,0.99,1.11
2026-10-07T07:40:01+00:00,NEAR-EUR,4.6124,4.6147,4.61355,4.99,536.13,265.42,87559.21,125637.24,140845.32,199456.43,2.49,2.59,4.19,2.49,2.49,3.36
2026-10-07T07:40:01+00:00,TAO-EUR,269.1,269.21,269.155,4.09,123.85,210.4,183722.21,180237.63,238604.63,228219.16,2.04,2.35,3.64,2.04,2.32,2.67
2026-10-07T07:40:01+00:00,SUI-EUR,1.0168,1.01706,1.01693,2.56,12.09,587.02,200132.71,138231.47,240591.86,221685.7,1.28,1.28,2.17,1.36,1.37,1.43
2026-10-07T07:40:01+00:00,RLC-EUR,0.69192,0.69308,0.6925,16.75,67.48,67.6,7564.79,6080.52,16982.54,16963.72,8.42,11.85,16.93,8.42,10.86,19.47
2026-10-07T07:40:01+00:00,AVAX-EUR,10.0833,10.0867,10.085,3.37,294.2,88.25,130569.89,135548.38,185815.26,183851.27,1.7,2.32,5.96,1.69,1.77,1.85
2026-10-07T07:40:01+00:00,FET-EUR,0.20855,0.20869,0.20862,6.71,314.58,12.16,54008.93,31910.69,94169.33,40878.89,3.78,5.84,9.97,3.36,6.56,10.93
2026-10-07T07:40:01+00:00,PUMP-EUR,0.005889,0.0058918,0.0058904,4.75,374.78,374.96,78625.71,63990.74,95708.19,75824.13,2.38,2.42,4.92,2.38,2.42,3.22
2026-10-07T07:40:01+00:00,ZEUS-EUR,0.0061178,0.006189,0.0061534,115.71,28.29,114.43,0.0,0.0,1003.9,398.28,57.85,70.26,98.19,58.1,64.86,153.98
2026-10-07T07:40:01+00:00,ORCA-EUR,2.59333,2.60382,2.598575,40.37,574.52,1790.28,9231.06,4829.51,18366.94,12559.36,20.18,20.18,20.37,20.18,20.18,20.24
2026-10-07T07:40:01+00:00,LINK-EUR,12.248,12.2511,12.24955,2.53,25.1,708.2,157438.94,159444.26,211730.63,181350.76,1.27,1.27,1.32,1.88,2.04,2.75
2026-10-07T07:40:01+00:00,WLD-EUR,0.46938,0.46956,0.46947,3.83,3347.93,84.39,146771.32,74308.0,181018.0,98555.95,2.81,6.7,9.68,1.92,1.92,1.92
2026-10-07T07:40:01+00:00,ENA-EUR,0.21128,0.21137,0.211325,4.26,535.53,535.75,62035.19,59583.17,69389.11,71580.91,2.13,2.13,3.78,2.13,2.13,4.9
2026-10-07T07:40:01+00:00,HBAR-EUR,0.085548,0.085585,0.0855665,4.32,247.24,49.46,86457.58,101480.71,140753.02,135427.63,2.22,2.27,2.73,2.16,2.99,3.96
2026-10-07T07:40:01+00:00,ONDO-EUR,0.42293,0.42354,0.423235,14.41,324.49,423.54,77527.08,21349.35,109826.86,69847.1,7.21,7.24,8.32,7.21,7.62,8.2
2026-10-07T07:40:01+00:00,NMR-EUR,14.9108,14.9891,14.94995,52.37,405.45,198.11,966.38,1698.11,8170.67,13790.76,26.19,26.87,32.34,26.19,26.22,43.22
2026-10-07T07:40:01+00:00,RENDER-EUR,1.8738,1.8755,1.87465,9.07,287.94,231.73,28717.0,26671.82,44720.01,30356.04,4.53,5.11,6.65,4.53,4.76,6.81
2026-10-07T07:40:01+00:00,CAP-EUR,0.0775217,0.0777918,0.07765675,34.78,1799.14,24.75,12181.2,16315.12,35855.21,24600.03,17.4,17.4,17.44,17.39,17.39,17.39
2026-10-07T07:40:01+00:00,XLM-EUR,0.1844,0.18443,0.184415,1.63,843.28,598.08,107239.84,118701.0,146442.32,133727.94,0.81,0.81,2.75,0.81,0.81,1.63
2026-10-07T07:40:01+00:00,DOGE-EUR,0.081088,0.081105,0.0810965,2.1,96.0,184.33,114429.31,112663.74,160547.36,151904.47,1.05,1.13,2.32,1.08,1.65,2.48
2026-10-07T07:40:01+00:00,PEPE-EUR,3.6993e-06,3.7018e-06,3.7005e-06,6.76,954.11,10.5,84623.89,71287.14,100743.85,74332.48,4.35,4.44,4.69,3.38,3.38,3.52
2026-10-07T07:40:01+00:00,INJ-EUR,6.7314,6.743,6.7372,17.22,149.01,139.02,34903.76,23020.13,56794.59,25636.95,8.61,9.23,9.88,8.61,9.03,9.16
2026-10-07T07:40:01+00:00,UNI-EUR,7.3042,7.307,7.3056,3.83,752.63,381.41,54508.08,41075.38,80808.1,53305.3,1.92,2.79,5.58,1.92,1.92,2.4
2026-10-07T07:40:01+00:00,ZRO-EUR,1.9789,1.982,1.98045,15.65,12.28,741.15,19712.26,19407.77,37466.38,26601.41,7.83,7.83,9.42,8.27,8.32,8.33
2026-10-07T07:40:01+00:00,DOT-EUR,1.0088,1.0099,1.00935,10.9,992.12,18.27,58976.87,35152.88,105576.02,51245.3,6.26,6.96,8.85,5.45,5.45,5.95
2026-10-07T07:40:01+00:00,PNT-EUR,0.043425,0.043544,0.0434845,27.37,72.45,69.67,80.45,129.0,263.41,297.21,13.75,90.19,224.02,24.32,98.71,210.59
2026-10-07T07:40:01+00:00,USELESS-EUR,0.189908,0.190275,0.1900915,19.31,161.05,161.36,23476.28,16165.2,49448.68,30381.52,9.65,9.75,9.83,9.65,10.39,12.85
2026-10-07T07:40:01+00:00,MOVR-EUR,1.675,1.6789,1.67695,23.26,366.66,12.21,20193.52,19240.37,33043.76,21969.98,12.15,12.35,15.42,11.63,11.79,15.79
2026-10-07T07:40:01+00:00,PARTI-EUR,0.031237,0.031339,0.031288,32.6,343.57,433.63,12043.0,8379.83,27721.64,14419.98,16.3,16.55,17.8,16.3,16.4,16.56
2026-10-07T07:40:01+00:00,TRB-EUR,18.418,18.451,18.4345,17.9,449.0,198.96,12332.03,7214.38,28700.4,16632.93,8.95,10.26,10.9,8.95,9.23,14.02
2026-10-07T07:40:01+00:00,LTC-EUR,60.376,60.397,60.3865,3.48,1000.0,55.06,96970.04,73359.17,153389.7,95662.75,2.41,3.77,4.69,1.74,1.74,2.89
2026-10-07T07:40:01+00:00,PROM-EUR,4.799,4.8081,4.80355,18.94,137.2,936.26,11030.27,12183.71,30623.24,16668.98,9.47,9.47,15.08,9.47,9.77,10.83
2026-10-07T07:40:01+00:00,ICP-EUR,2.8886,2.8895,2.88905,3.12,149.69,3600.0,38343.37,35877.57,58982.09,49296.82,1.56,1.56,1.56,1.56,7.62,10.85
2026-10-07T07:40:01+00:00,RAY-EUR,2.02145,2.02347,2.02246,9.99,265.6,1106.59,17882.59,21345.15,47628.61,24956.88,4.99,4.99,6.6,4.99,6.57,9.63
2026-10-07T07:40:01+00:00,LPT-EUR,1.5355,1.5367,1.5361,7.81,140.63,20.0,10970.31,2259.47,17491.86,4984.99,10.89,19.28,36.85,3.91,6.65,13.11
2026-10-07T07:40:01+00:00,PENGU-EUR,0.0079487,0.007957,0.00795285,10.44,880.02,880.94,29000.66,27878.85,41846.29,45177.34,5.22,5.22,6.47,5.22,5.22,5.29
2026-10-07T07:40:01+00:00,API3-EUR,0.28612,0.28732,0.28672,41.85,321.88,71.88,4453.79,3875.68,13381.01,8068.26,21.02,22.15,24.1,20.93,21.42,22.1
2026-10-07T07:40:01+00:00,SPX-EUR,0.36051,0.36077,0.36064,7.21,400.21,24.11,33986.9,31456.98,46745.99,35833.51,3.82,4.69,7.16,3.6,3.88,4.71
2026-10-07T07:40:01+00:00,JUP-EUR,0.29661,0.29696,0.296785,11.79,882.61,576.16,33959.92,31282.35,52770.65,43718.54,5.9,5.9,6.55,5.9,5.9,9.66
2026-10-07T07:45:25+00:00,BTC-EUR,75202.0,75203.0,75202.5,0.13,161.05,1527.75,1821527.44,2078088.08,2095196.17,2238417.52,0.07,0.07,0.11,0.07,0.49,0.77
2026-10-07T07:45:25+00:00,ADA-EUR,0.23091,0.23097,0.23094,2.6,457.01,417.1,248652.19,49715.42,396277.69,120881.42,1.3,2.38,6.44,1.3,1.34,1.63
2026-10-07T07:45:25+00:00,XRP-EUR,1.31518,1.31519,1.315185,0.08,445.94,59.7,713396.15,600393.68,1307115.03,1061883.43,0.07,0.1,0.11,0.04,0.05,0.2
2026-10-07T07:45:25+00:00,ETH-EUR,2338.07,2338.08,2338.075,0.04,4139.43,4460.62,953029.39,1018995.33,1203390.09,1300958.37,0.02,0.02,0.02,0.02,0.02,0.02
2026-10-07T07:45:25+00:00,SOL-EUR,106.05,106.051,106.0505,0.09,813.81,1509.15,398867.27,382756.27,537436.14,617017.71,0.05,0.05,0.07,0.05,0.05,0.44
2026-10-07T07:45:25+00:00,QNT-EUR,227.53,227.77,227.65,10.54,229.34,16.16,75687.88,81190.13,131099.98,115993.24,5.31,5.34,5.5,5.27,5.3,5.67
2026-10-07T07:45:25+00:00,HYPE-EUR,81.258,81.283,81.2705,3.08,425.86,1284.44,289344.26,280751.75,343941.71,402562.67,1.54,1.54,1.61,1.54,1.56,1.63
2026-10-07T07:45:25+00:00,NEAR-EUR,4.6263,4.6292,4.62775,6.27,534.35,562.2,81591.64,129200.71,151059.41,161522.45,3.13,3.13,4.11,3.13,3.13,3.87
2026-10-07T07:45:25+00:00,TAO-EUR,269.42,269.51,269.465,3.34,1205.27,215.9,191217.26,163358.5,224397.22,260886.15,1.67,2.49,3.12,1.67,1.67,1.82
2026-10-07T07:45:25+00:00,SUI-EUR,1.01854,1.01861,1.018575,0.69,3745.39,215.98,202799.28,156866.9,239748.93,227893.75,0.34,0.96,1.9,0.34,0.34,0.34
2026-10-07T07:45:25+00:00,AVAX-EUR,10.1204,10.1234,10.1219,2.96,535.4,535.56,161459.48,137421.64,197409.75,177544.94,1.48,1.48,3.22,1.48,1.48,1.79
2026-10-07T07:45:25+00:00,RLC-EUR,0.68789,0.68974,0.688815,26.86,266.77,267.49,14083.3,15963.21,25261.32,25235.74,13.43,13.5,16.42,13.43,13.5,19.65
2026-10-07T07:45:25+00:00,FET-EUR,0.20911,0.20927,0.20919,7.65,348.52,1339.02,47424.79,28586.5,88629.44,31212.61,3.82,3.82,6.04,3.82,7.16,12.9
2026-10-07T07:45:25+00:00,PUMP-EUR,0.005871,0.0058752,0.0058731,7.15,1883.08,64.83,77715.19,67848.35,99452.01,77811.7,3.64,3.72,4.91,3.58,3.58,3.6
2026-10-07T07:45:25+00:00,ZEUS-EUR,0.006145,0.0061487,0.00614685,6.02,597.55,401.37,597.55,401.37,1525.92,2194.48,3.01,14.95,67.41,3.01,3.01,97.56
2026-10-07T07:45:25+00:00,ORCA-EUR,2.57666,2.58546,2.58106,34.09,44.79,357.55,9648.65,3541.71,19775.17,14515.81,17.05,17.07,17.11,17.07,17.09,23.08
2026-10-07T07:45:25+00:00,LINK-EUR,12.2681,12.274,12.27105,4.81,715.41,319.6,168545.6,146526.76,187069.32,169925.35,2.4,2.49,2.61,2.4,2.4,2.72
2026-10-07T07:45:25+00:00,WLD-EUR,0.47234,0.47281,0.472575,9.95,18.48,23.64,149776.61,76887.21,222313.31,101738.09,5.78,5.98,8.1,5.15,5.18,5.18
2026-10-07T07:45:25+00:00,ENA-EUR,0.21285,0.21298,0.212915,6.11,273.93,1030.9,55239.16,52514.39,76558.45,55230.25,3.05,3.05,3.28,3.05,3.27,4.76
2026-10-07T07:45:25+00:00,HBAR-EUR,0.085664,0.085694,0.085679,3.5,223.03,48.21,102878.08,101704.1,149073.65,133121.94,1.82,1.95,3.21,1.75,2.33,3.65
2026-10-07T07:45:25+00:00,ONDO-EUR,0.42437,0.42466,0.424515,6.83,535.8,536.16,59756.3,21297.47,98283.06,64800.92,3.42,3.42,7.77,3.42,3.42,6.14
2026-10-07T07:45:25+00:00,NMR-EUR,15.2286,15.3098,15.2692,53.18,97.94,1673.96,2688.45,3955.04,7644.3,6663.84,26.59,26.59,27.3,26.59,26.64,29.62
2026-10-07T07:45:25+00:00,RENDER-EUR,1.8752,1.8768,1.876,8.53,210.71,198.99,29876.78,26986.74,53577.48,29783.67,4.26,5.73,11.03,4.26,4.57,5.81
2026-10-07T07:45:25+00:00,CAP-EUR,0.077542,0.0777333,0.07763765,24.64,30.32,1804.05,14185.06,17071.72,29300.74,25398.47,12.32,12.32,12.32,12.33,12.33,12.49
2026-10-07T07:45:25+00:00,DOGE-EUR,0.081193,0.081209,0.081201,1.97,499.56,1186.02,126193.67,115312.87,176052.42,149864.03,0.99,0.99,2.03,0.99,0.99,2.15
2026-10-07T07:45:25+00:00,XLM-EUR,0.18445,0.18447,0.18446,1.08,12.36,598.21,116653.32,112715.89,155855.79,127742.85,0.54,0.54,3.07,1.02,1.07,1.63
2026-10-07T07:45:25+00:00,PEPE-EUR,3.7045e-06,3.7054e-06,3.7049e-06,2.43,10.49,892.01,100394.18,69904.52,116513.77,72943.53,1.21,1.21,2.26,4.44,4.88,5.99
2026-10-07T07:45:25+00:00,INJ-EUR,6.7433,6.7541,6.7487,16.0,149.01,139.0,30235.23,23632.77,56740.15,26249.56,8.0,8.43,8.55,8.0,8.42,8.55
2026-10-07T07:45:25+00:00,UNI-EUR,7.3164,7.3216,7.319,7.1,1012.21,571.32,60994.7,54138.1,80829.74,62629.44,3.55,3.55,4.54,3.55,3.55,3.89
2026-10-07T07:45:25+00:00,ZRO-EUR,1.9897,1.9931,1.9914,17.07,11.88,545.23,17942.36,18455.16,34951.97,35416.1,8.54,8.54,10.16,8.98,9.03,11.9
2026-10-07T07:45:25+00:00,DOT-EUR,1.0104,1.0117,1.01105,12.86,1199.0,18.4,68606.54,38061.27,105367.54,53305.58,7.71,8.27,9.31,6.43,6.43,6.83
2026-10-07T07:45:25+00:00,PNT-EUR,0.043101,0.043331,0.043216,53.22,97.67,31.28,97.67,657.49,276.75,761.34,28.12,39.62,126.36,27.58,84.63,116.9
2026-10-07T07:45:25+00:00,USELESS-EUR,0.190832,0.191232,0.191032,20.94,249.99,162.17,25241.7,16110.01,47135.86,30302.98,10.47,10.52,13.58,10.47,11.54,12.35
2026-10-07T07:45:25+00:00,MOVR-EUR,1.6883,1.6926,1.69045,25.44,12.01,370.51,15259.13,14522.69,31297.85,18238.66,12.72,12.87,14.03,13.24,13.3,20.06
2026-10-07T07:45:25+00:00,PARTI-EUR,0.031129,0.031244,0.0311865,36.87,500.02,24.35,3168.21,9056.84,14859.81,13065.39,18.68,18.97,21.35,18.44,18.44,25.41
2026-10-07T07:45:25+00:00,TRB-EUR,18.447,18.48,18.4635,17.87,199.0,889.24,12832.89,9827.68,21767.73,19201.12,8.94,8.94,10.17,8.94,10.79,15.26
2026-10-07T07:45:25+00:00,LTC-EUR,60.511,60.542,60.5265,5.12,694.24,82.34,107406.83,77682.26,137868.5,106841.64,2.77,4.67,5.56,2.56,2.56,3.01
2026-10-07T07:45:25+00:00,PROM-EUR,4.8054,4.8165,4.81095,23.07,984.54,222.93,10023.72,11495.58,30598.1,15595.91,11.54,12.57,16.31,11.54,11.54,11.89
2026-10-07T07:45:25+00:00,ICP-EUR,2.8926,2.8957,2.89415,10.71,1351.46,1099.99,34187.49,29854.9,61679.91,42340.03,5.36,5.36,5.51,5.36,5.36,5.47
2026-10-07T07:45:25+00:00,RAY-EUR,2.0203,2.02246,2.02138,10.69,257.01,472.85,21622.08,16622.21,42323.09,34115.59,5.34,5.38,8.6,5.34,5.37,6.58
2026-10-07T07:45:25+00:00,LPT-EUR,1.539,1.5414,1.5402,15.58,250.0,47.78,10022.3,1933.84,22666.86,4698.76,15.18,27.4,40.8,7.79,9.25,17.36
2026-10-07T07:45:25+00:00,PENGU-EUR,0.0079519,0.0079607,0.0079563,11.06,880.38,881.35,32714.83,33879.23,47932.06,51184.77,5.53,5.53,5.96,5.53,5.53,6.1
2026-10-07T07:45:25+00:00,SPX-EUR,0.36425,0.36456,0.364405,8.51,49.01,344.84,22629.74,27500.05,39982.48,30000.05,4.25,5.87,8.87,4.81,5.5,8.43
2026-10-07T07:45:25+00:00,API3-EUR,0.28673,0.28773,0.28723,34.82,321.94,249.99,8134.44,3846.66,21633.46,8950.7,17.41,17.58,22.67,17.41,17.53,18.45
2026-10-07T07:45:25+00:00,JUP-EUR,0.29685,0.29711,0.29698,8.75,890.5,775.46,37192.87,33559.71,61608.29,44521.66,4.38,4.38,6.48,4.38,4.38,7.55
2026-10-07T07:50:48+00:00,BTC-EUR,75152.0,75153.0,75152.5,0.13,21265.67,4779.79,1919677.07,1887707.36,2196274.09,2226878.38,0.07,0.07,0.07,0.07,0.07,0.07
2026-10-07T07:50:48+00:00,XRP-EUR,1.314,1.31401,1.314005,0.08,400.71,401.21,716816.48,738381.28,1219607.31,1126020.41,0.04,0.13,0.4,0.04,0.05,0.1
2026-10-07T07:50:48+00:00,ADA-EUR,0.23115,0.23118,0.231165,1.3,168.89,3345.77,239730.22,93248.34,391850.32,164860.6,0.65,0.65,0.65,0.65,0.94,2.56
2026-10-07T07:50:48+00:00,ETH-EUR,2336.48,2336.49,2336.485,0.04,2913.15,4461.34,1076588.99,1097651.69,1133555.65,1201295.17,0.02,0.02,0.02,0.02,0.02,0.02
2026-10-07T07:50:48+00:00,SOL-EUR,105.997,105.998,105.9975,0.09,1642.89,36993.35,348922.73,382136.52,488711.02,616397.95,0.05,0.05,0.05,0.05,0.05,0.23
2026-10-07T07:50:48+00:00,QNT-EUR,226.672,226.833,226.7525,7.1,16.25,821.18,79241.86,76048.41,155946.72,101221.4,3.55,3.55,5.14,3.59,3.59,4.55
2026-10-07T07:50:48+00:00,HYPE-EUR,81.072,81.091,81.0815,2.34,2151.75,1256.1,251545.9,276347.9,342209.5,393583.85,1.17,1.17,1.39,1.17,1.17,1.17
2026-10-07T07:50:48+00:00,NEAR-EUR,4.6296,4.6324,4.631,6.05,758.55,12.36,93048.42,138433.65,153128.6,173460.5,3.21,3.23,4.06,3.02,3.02,4.08
2026-10-07T07:50:48+00:00,TAO-EUR,269.21,269.35,269.28,5.2,209.71,12.36,178309.88,172878.21,231023.62,213540.4,2.92,2.96,3.12,2.6,2.82,3.06
2026-10-07T07:50:48+00:00,SUI-EUR,1.01784,1.0182,1.01802,3.54,11.96,267.57,209145.15,165507.51,237641.57,182313.72,1.77,1.81,2.9,1.85,1.94,2.01
2026-10-07T07:50:48+00:00,AVAX-EUR,10.0999,10.1053,10.1026,5.35,44.33,275.89,167216.19,117530.59,214261.44,145842.45,2.67,2.94,3.18,2.73,2.76,2.81
2026-10-07T07:50:48+00:00,RLC-EUR,0.68744,0.68889,0.688165,21.07,267.3,1442.55,11512.85,13905.23,21270.85,24135.79,10.54,10.54,11.18,10.54,14.87,24.83
2026-10-07T07:50:48+00:00,FET-EUR,0.20855,0.20889,0.20872,16.29,12.03,325.85,56532.76,18602.85,90066.78,21102.85,8.14,8.31,8.63,8.57,8.76,9.76
2026-10-07T07:50:48+00:00,PUMP-EUR,0.0058593,0.0058612,0.00586025,3.24,1259.15,535.07,80525.1,67750.49,95699.76,76813.3,1.62,1.62,4.81,1.62,1.62,2.02
2026-10-07T07:50:48+00:00,ZEUS-EUR,0.0059642,0.0060427,0.00600345,130.76,57.36,161.08,0.0,0.0,511.89,632.54,65.38,67.42,241.38,65.45,65.53,146.24
2026-10-07T07:50:48+00:00,ORCA-EUR,2.57544,2.58284,2.57914,28.69,356.1,894.93,10171.63,5863.06,20767.29,17840.92,14.35,14.35,18.96,14.35,14.47,14.7
2026-10-07T07:50:48+00:00,LINK-EUR,12.2651,12.2691,12.2671,3.26,647.69,192.85,151887.71,160434.55,212694.63,183887.38,1.63,2.23,3.78,1.63,1.63,2.65
2026-10-07T07:50:48+00:00,WLD-EUR,0.4714,0.47196,0.47168,11.87,4034.05,6.45,159134.78,82250.42,217327.11,107213.99,6.53,7.17,7.36,5.94,5.94,5.94
2026-10-07T07:50:48+00:00,ENA-EUR,0.21282,0.21295,0.212885,6.11,1030.13,348.97,59202.16,55023.4,81881.7,62061.47,3.05,3.2,4.25,3.05,3.05,3.28
2026-10-07T07:50:48+00:00,HBAR-EUR,0.085592,0.085634,0.085613,4.91,48.91,96.87,97821.88,105643.91,148719.31,134339.46,2.46,2.55,3.17,2.51,2.56,3.44
2026-10-07T07:50:48+00:00,ONDO-EUR,0.42326,0.42376,0.42351,11.81,55.02,423.76,69720.36,26510.2,108335.58,54217.62,5.9,5.94,7.52,6.43,6.95,8.01
2026-10-07T07:50:48+00:00,NMR-EUR,15.1327,15.2115,15.1721,51.94,98.25,533.73,8941.65,2283.73,20563.58,18613.25,25.97,25.97,34.55,25.97,26.02,29.95
2026-10-07T07:50:48+00:00,RENDER-EUR,1.875,1.8766,1.8758,8.53,100.0,417.43,34250.34,25094.76,61879.8,30888.89,4.26,4.62,5.95,4.26,5.08,7.66
2026-10-07T07:50:48+00:00,CAP-EUR,0.077281,0.0773572,0.0773191,9.86,29.67,1795.33,13875.42,19167.63,33059.05,25522.99,4.93,4.93,4.95,4.94,4.94,5.0
2026-10-07T07:50:48+00:00,DOGE-EUR,0.081173,0.081184,0.0811785,1.36,184.1,194.36,136856.44,118183.69,186324.02,152330.83,0.68,0.8,1.45,0.68,0.76,1.43
2026-10-07T07:50:48+00:00,XLM-EUR,0.18436,0.18438,0.18437,1.08,916.79,103.94,104524.54,113182.04,152159.41,131519.68,0.54,1.4,3.44,0.54,0.54,1.42
2026-10-07T07:50:48+00:00,PEPE-EUR,3.7009e-06,3.7023e-06,3.7016e-06,3.78,891.93,657.21,106162.72,67131.86,122282.51,70177.23,1.89,1.89,4.25,1.89,1.89,2.04
2026-10-07T07:50:48+00:00,INJ-EUR,6.7517,6.7518,6.75175,0.15,2852.93,3060.0,30051.45,25331.43,61254.71,27978.35,0.07,0.07,0.07,0.07,0.07,0.07
2026-10-07T07:50:48+00:00,UNI-EUR,7.3245,7.3299,7.3272,7.37,131.97,348.99,55022.16,44913.22,74381.34,61996.89,3.68,3.73,4.53,3.68,3.79,4.11
2026-10-07T07:50:48+00:00,ZRO-EUR,1.9834,1.9864,1.9849,15.11,554.44,543.4,21402.39,18524.89,36049.84,23435.88,7.56,7.56,8.24,7.56,7.56,8.48
2026-10-07T07:50:48+00:00,DOT-EUR,1.0101,1.0109,1.0105,7.92,1000.0,18.21,65541.85,35714.02,113576.96,51624.3,5.24,5.8,8.69,3.96,3.96,4.45
2026-10-07T07:50:48+00:00,PNT-EUR,0.042921,0.043214,0.0430675,68.03,25.06,34.57,140.22,255.1,1153.23,394.5,38.27,69.11,153.09,41.66,74.45,104.8
2026-10-07T07:50:48+00:00,USELESS-EUR,0.190764,0.191094,0.190929,17.28,149.0,162.05,22418.78,16122.46,46976.64,27882.0,8.64,10.33,12.6,8.64,9.72,16.41
2026-10-07T07:50:48+00:00,MOVR-EUR,1.6853,1.6886,1.68695,19.56,12.07,369.63,20672.72,17539.26,35305.88,21280.04,9.78,9.94,11.12,10.3,10.5,17.34
2026-10-07T07:50:48+00:00,TRB-EUR,18.424,18.446,18.435,11.93,199.04,1530.0,14407.23,9666.83,30631.56,17272.05,5.97,5.97,7.15,5.97,6.95,13.06
2026-10-07T07:50:48+00:00,PARTI-EUR,0.03121,0.031276,0.031243,21.12,343.28,344.0,12982.45,15067.39,30891.34,17662.23,10.56,11.34,15.26,10.56,10.66,14.43
2026-10-07T07:50:48+00:00,LTC-EUR,60.471,60.497,60.484,4.3,701.46,97.04,106470.89,75808.47,136811.51,100179.41,2.2,3.48,5.33,2.15,2.15,2.63
2026-10-07T07:50:48+00:00,PROM-EUR,4.8318,4.8396,4.8357,16.13,1578.23,942.39,12467.01,14020.81,35650.86,19119.51,8.07,8.07,8.21,8.07,8.07,8.19
2026-10-07T07:50:48+00:00,ICP-EUR,2.8933,2.8956,2.89445,7.95,1646.79,5715.02,36037.54,30226.85,55827.39,40642.37,3.97,3.97,3.97,3.97,3.97,4.03
2026-10-07T07:50:48+00:00,RAY-EUR,2.007,2.0094,2.0082,11.95,255.32,414.14,21137.67,17813.22,44100.67,27858.1,5.98,6.06,8.88,5.98,6.0,6.62
2026-10-07T07:50:48+00:00,LPT-EUR,1.5398,1.5417,1.54075,12.33,140.63,47.79,12749.79,476.42,19279.77,4696.32,14.17,27.31,45.17,6.17,7.68,13.75
2026-10-07T07:50:48+00:00,PENGU-EUR,0.0079554,0.0079647,0.00796005,11.68,1373.85,881.79,31319.33,34299.36,47519.21,51602.89,5.84,5.84,6.72,5.84,5.84,5.88
2026-10-07T07:50:48+00:00,SPX-EUR,0.36327,0.36354,0.363405,7.43,24.65,580.13,40481.86,33921.15,48918.09,36515.11,3.71,3.71,6.65,3.99,4.21,6.48
2026-10-07T07:50:48+00:00,API3-EUR,0.28677,0.28758,0.287175,28.21,100.0,178.3,9706.46,7918.71,12464.69,11038.92,14.1,15.47,21.78,14.1,15.43,17.31
2026-10-07T07:50:48+00:00,JUP-EUR,0.29628,0.29657,0.296425,9.78,876.62,198.98,35895.02,36237.22,59432.57,46495.9,4.89,5.3,5.5,4.89,4.89,8.89
2026-10-07T07:56:06+00:00,BTC-EUR,75210.0,75211.0,75210.5,0.13,17898.75,4469.98,1983302.23,2032439.48,2275746.06,2192768.92,0.07,0.07,0.07,0.07,0.07,0.07
2026-10-07T07:56:06+00:00,XRP-EUR,1.31585,1.31586,1.315855,0.08,1376.43,614.85,838504.34,569884.4,1255984.32,1073896.02,0.04,0.04,0.3,0.04,0.04,0.06
2026-10-07T07:56:06+00:00,ADA-EUR,0.23096,0.23117,0.231065,9.09,9235.87,462.34,242988.94,152935.09,335982.81,224101.09,4.54,4.61,5.21,4.54,4.54,4.54
2026-10-07T07:56:06+00:00,ETH-EUR,2338.62,2338.63,2338.625,0.04,746.94,5125.5,982945.59,1072371.19,1252034.19,1334344.09,0.02,0.02,0.02,0.02,0.02,0.21
2026-10-07T07:56:06+00:00,SOL-EUR,106.015,106.016,106.0155,0.09,2451.07,1146.9,410996.26,384234.69,550506.71,618496.12,0.05,0.05,0.21,0.05,0.05,0.05
2026-10-07T07:56:06+00:00,QNT-EUR,226.574,226.8,226.687,9.97,16.03,237.52,81617.06,75584.46,138352.29,106029.61,4.98,5.01,5.02,5.02,5.06,6.35
2026-10-07T07:56:06+00:00,HYPE-EUR,81.201,81.217,81.209,1.97,1331.52,1353.0,254863.55,323126.24,346994.0,409257.09,0.99,0.99,1.02,0.99,0.99,1.31
2026-10-07T07:56:06+00:00,NEAR-EUR,4.6259,4.6285,4.6272,5.62,704.52,12.12,88060.09,154083.98,147133.39,180189.91,3.0,3.02,3.89,2.81,2.81,3.55
2026-10-07T07:56:06+00:00,TAO-EUR,268.91,268.98,268.945,2.6,1173.11,7.8,200848.34,181251.1,237090.18,221937.4,1.64,2.69,3.61,1.3,1.3,1.57
2026-10-07T07:56:06+00:00,SUI-EUR,1.01829,1.01855,1.01842,2.55,925.99,233.07,208953.75,179442.19,245139.12,246608.65,1.28,1.8,2.3,1.28,1.28,1.47
2026-10-07T07:56:06+00:00,AVAX-EUR,10.1187,10.1217,10.1202,2.96,536.35,152.39,167424.06,140525.72,208205.7,170457.93,1.48,1.55,3.87,1.48,1.48,1.74
2026-10-07T07:56:06+00:00,RLC-EUR,0.68632,0.68915,0.687735,41.15,100.0,1448.4,17661.97,18261.29,30196.55,23304.89,20.57,20.57,20.61,20.57,20.96,21.64
2026-10-07T07:56:06+00:00,FET-EUR,0.20882,0.20899,0.208905,8.14,12.05,134.45,63448.87,35618.18,99477.88,39588.68,4.07,7.92,9.07,4.49,5.19,8.38
2026-10-07T07:56:06+00:00,PUMP-EUR,0.0058478,0.0058497,0.00584875,3.25,99.23,536.33,77192.99,70859.92,98542.16,79140.83,1.62,1.62,3.97,1.63,1.9,3.4
2026-10-07T07:56:06+00:00,ZEUS-EUR,0.005985,0.0060848,0.0060349,165.37,97.16,391.63,0.0,0.0,1036.53,549.7,82.69,82.72,242.63,82.69,82.94,114.49
2026-10-07T07:56:06+00:00,ORCA-EUR,2.61411,2.62264,2.618375,32.58,100.0,1530.0,10772.75,7011.37,18345.16,18187.51,16.29,16.29,17.92,16.29,16.32,17.45
2026-10-07T07:56:06+00:00,LINK-EUR,12.2631,12.2645,12.2638,1.14,679.85,45.99,158092.79,155224.58,215534.71,175351.32,1.61,2.34,4.32,0.57,0.57,0.99
2026-10-07T07:56:06+00:00,WLD-EUR,0.47123,0.47143,0.47133,4.24,102.1,79.8,139117.96,81603.89,198215.84,106551.24,2.73,5.46,10.42,2.12,2.63,2.73
2026-10-07T07:56:06+00:00,ENA-EUR,0.21263,0.21276,0.212695,6.11,1129.21,536.59,70150.82,62607.33,91665.68,67112.32,3.06,3.06,4.09,3.06,3.06,3.59
2026-10-07T07:56:06+00:00,HBAR-EUR,0.085627,0.085648,0.0856375,2.45,195.72,48.18,81384.73,78125.77,139561.49,110773.08,1.29,1.43,2.6,1.23,2.72,4.54
2026-10-07T07:56:06+00:00,ONDO-EUR,0.42325,0.42358,0.423415,7.79,3758.65,537.37,73683.12,26872.76,114201.33,70838.82,3.9,3.9,4.73,3.9,3.9,3.9
2026-10-07T07:56:06+00:00,NMR-EUR,15.3083,15.377,15.34265,44.78,99.12,536.68,1570.47,2426.43,10379.23,17884.93,22.39,22.39,31.17,22.39,22.93,38.66
2026-10-07T07:56:06+00:00,RENDER-EUR,1.8736,1.8737,1.87365,0.53,525.17,234.3,26076.36,11782.37,35540.03,20503.23,0.27,5.65,9.55,0.27,0.27,0.66
2026-10-07T07:56:06+00:00,CAP-EUR,0.0776804,0.0778415,0.07776095,20.72,29.69,1806.56,9777.59,17064.06,25678.24,24516.66,10.36,10.36,10.36,10.37,10.37,10.72
2026-10-07T07:56:06+00:00,DOGE-EUR,0.081234,0.081248,0.081241,1.72,999.97,203.12,136888.0,130780.73,182478.44,158188.47,0.86,2.0,2.62,0.86,0.86,0.99
2026-10-07T07:56:06+00:00,XLM-EUR,0.18451,0.18456,0.184535,2.71,879.82,707.55,113443.02,111364.85,160827.94,126399.99,1.35,1.35,2.06,1.35,1.35,1.84
2026-10-07T07:56:06+00:00,PEPE-EUR,3.7039e-06,3.7061e-06,3.705e-06,5.94,99.0,893.98,84808.23,67572.92,100928.5,70612.88,2.97,2.97,4.9,2.97,3.19,3.36
2026-10-07T07:56:06+00:00,INJ-EUR,6.7679,6.7788,6.77335,16.09,1592.53,100.0,31080.43,26659.83,61131.8,29306.78,8.05,8.22,8.53,8.05,8.05,8.24
2026-10-07T07:56:06+00:00,UNI-EUR,7.3159,7.3191,7.3175,4.37,536.19,536.43,55920.71,53759.79,73022.57,64103.3,2.19,2.19,4.28,2.19,2.19,2.8
2026-10-07T07:56:06+00:00,ZRO-EUR,1.9806,1.9836,1.9821,15.14,553.9,554.88,19584.73,19872.28,34235.99,22570.06,7.57,7.57,8.25,7.57,7.57,11.01
2026-10-07T07:56:06+00:00,PNT-EUR,0.04295,0.043137,0.0430435,43.44,80.0,69.94,80.0,69.94,613.01,479.21,33.98,62.93,145.95,28.71,52.21,111.85
2026-10-07T07:56:06+00:00,DOT-EUR,1.0104,1.0116,1.011,11.87,4432.92,544.23,68395.18,45796.43,134049.79,61112.86,5.93,5.93,7.14,5.93,5.93,5.93
2026-10-07T07:56:06+00:00,USELESS-EUR,0.194602,0.19525,0.194926,33.24,165.03,233.78,24651.71,15228.56,31886.41,26843.7,16.62,16.68,17.65,16.62,16.67,17.24
2026-10-07T07:56:06+00:00,MOVR-EUR,1.6834,1.6885,1.68595,30.25,380.64,12.32,18666.4,16202.89,35817.34,22180.82,15.65,15.84,18.25,15.13,15.27,16.95
2026-10-07T07:56:06+00:00,TRB-EUR,18.42,18.44,18.43,10.85,100.0,198.99,13338.27,13211.4,27450.82,18211.4,5.43,5.75,7.47,5.43,6.44,13.02
2026-10-07T07:56:06+00:00,PARTI-EUR,0.031275,0.031352,0.0313135,24.59,343.99,24.35,13306.8,16222.47,36310.72,18722.47,12.54,12.68,16.5,12.3,12.39,12.56
2026-10-07T07:56:06+00:00,LTC-EUR,60.592,60.609,60.6005,2.81,100.0,97.74,99584.43,77255.79,155781.42,102747.28,1.41,1.54,3.71,1.4,1.53,2.07
2026-10-07T07:56:06+00:00,PROM-EUR,4.8464,4.8522,4.8493,11.96,47.76,944.84,14023.19,13476.03,32824.81,23718.02,5.98,5.98,8.96,6.09,6.17,7.35
2026-10-07T07:56:06+00:00,ICP-EUR,2.8952,2.8989,2.89705,12.77,446.32,395.91,33810.38,28087.54,57595.95,41909.34,6.39,6.82,8.37,6.39,6.46,7.64
2026-10-07T07:56:06+00:00,RAY-EUR,1.99686,1.99951,1.998185,13.26,254.03,254.37,19717.26,22890.71,41427.15,28047.43,6.63,6.66,6.85,6.63,9.12,11.14
2026-10-07T07:56:06+00:00,LPT-EUR,1.5463,1.5476,1.54695,8.4,179.24,10.0,14760.7,2196.2,21706.46,6004.99,13.68,22.33,34.88,4.2,5.9,13.8
2026-10-07T07:56:06+00:00,PENGU-EUR,0.0079614,0.0079698,0.0079656,10.55,881.43,882.36,30923.62,35110.96,47124.13,52425.99,5.27,5.27,6.55,5.27,5.27,5.37
2026-10-07T07:56:06+00:00,SPX-EUR,0.36322,0.36366,0.36344,12.11,24.74,49.0,41802.02,36892.17,50632.11,39486.09,6.19,6.49,8.45,6.26,6.31,8.87
2026-10-07T07:56:06+00:00,JUP-EUR,0.29609,0.29656,0.296325,15.86,100.0,3798.98,41016.18,37141.82,61839.57,50270.83,7.93,7.93,7.93,7.93,8.2,8.36
2026-10-07T07:56:06+00:00,API3-EUR,0.28733,0.28825,0.28779,31.97,71.95,89.52,8039.1,4612.52,11227.77,7655.13,16.02,18.61,23.74,16.08,16.51,16.86
2026-10-07T08:01:29+00:00,BTC-EUR,75123.0,75124.0,75123.5,0.13,1334.65,39063.89,2099397.42,1979348.83,2237012.67,2060525.56,0.07,0.07,0.07,0.07,0.07,0.11
2026-10-07T08:01:29+00:00,XRP-EUR,1.31473,1.31474,1.314735,0.08,446.94,83.76,748603.86,604432.42,1205456.17,1018822.75,0.14,0.54,0.62,0.04,0.05,1.07
2026-10-07T08:01:29+00:00,ADA-EUR,0.23038,0.23046,0.23042,3.47,428.32,516.74,285754.31,128534.25,380705.28,198534.25,1.74,1.74,2.06,1.74,1.8,2.82
2026-10-07T08:01:29+00:00,ETH-EUR,2337.37,2337.38,2337.375,0.04,3596.9,83.07,978019.07,1059422.7,1194431.96,1341418.55,0.2,0.88,1.06,0.02,0.02,0.02
2026-10-07T08:01:29+00:00,SOL-EUR,105.955,105.96,105.9575,0.47,998.8,766.03,367265.49,345979.25,541690.92,580540.32,0.24,0.24,0.29,0.24,0.24,0.61
2026-10-07T08:01:29+00:00,QNT-EUR,226.589,226.795,226.692,9.09,15.97,16.07,77382.37,78306.49,152389.15,100581.67,4.58,4.59,4.94,4.58,4.59,4.67
2026-10-07T08:01:29+00:00,HYPE-EUR,81.152,81.172,81.162,2.46,1285.63,403.34,236998.48,319522.26,311643.35,405647.11,1.23,1.26,1.33,1.23,1.23,1.28
2026-10-07T08:01:29+00:00,NEAR-EUR,4.6053,4.6071,4.6062,3.91,284.42,4925.49,87559.6,106924.66,134386.27,153391.89,1.95,1.95,1.95,1.95,3.08,4.82
2026-10-07T08:01:29+00:00,TAO-EUR,268.72,268.85,268.785,4.84,235.73,3963.5,129168.48,176892.49,204902.88,220476.75,2.42,2.42,2.42,2.42,3.2,4.12
2026-10-07T08:01:29+00:00,SUI-EUR,1.01739,1.01762,1.017505,2.26,12.24,265.84,175666.63,162325.06,234326.24,232867.04,1.13,1.5,2.17,1.22,1.66,2.47
2026-10-07T08:01:29+00:00,AVAX-EUR,10.1087,10.1125,10.1106,3.76,375.74,198.31,136599.84,156102.11,196897.59,189671.45,1.88,2.86,3.82,1.88,1.9,3.1
2026-10-07T08:01:29+00:00,RLC-EUR,0.68715,0.69014,0.688645,43.42,264.37,250.0,6995.09,6043.44,23551.42,12356.19,21.71,21.78,27.06,21.71,21.78,29.12
2026-10-07T08:01:29+00:00,FET-EUR,0.20877,0.20887,0.20882,4.79,350.31,334.2,69017.36,43378.21,109003.25,48565.9,2.39,4.62,8.22,2.39,4.4,8.16
2026-10-07T08:01:29+00:00,PUMP-EUR,0.0058537,0.0058569,0.0058553,5.47,1257.95,129.26,80115.03,69137.62,100562.45,84063.1,2.73,2.86,2.89,2.73,2.73,2.81
2026-10-07T08:01:29+00:00,ZEUS-EUR,0.0060712,0.0061043,0.00608775,54.37,107.86,13.21,897.47,461.19,1482.23,461.19,28.18,35.31,169.42,27.19,28.17,70.75
2026-10-07T08:01:29+00:00,ORCA-EUR,2.59132,2.59411,2.592715,10.76,959.84,1530.0,14885.69,9875.23,20103.15,15604.64,5.38,5.38,6.93,5.38,5.38,5.4
2026-10-07T08:01:29+00:00,LINK-EUR,12.2763,12.2793,12.2778,2.44,100.0,578.62,163745.81,151932.52,205501.93,222055.84,1.22,1.22,3.22,1.22,1.32,2.63
2026-10-07T08:01:29+00:00,WLD-EUR,0.4704,0.47079,0.470595,8.29,17.9,23.54,119255.14,75083.52,188988.59,98376.87,6.26,7.02,10.12,4.44,5.59,5.94
2026-10-07T08:01:29+00:00,ENA-EUR,0.21336,0.21343,0.213395,3.28,1944.79,535.87,67594.29,60730.57,91319.66,74525.71,1.64,1.64,5.65,1.64,1.64,1.65
2026-10-07T08:01:29+00:00,HBAR-EUR,0.085589,0.085616,0.0856025,3.15,192.35,994.7,88075.44,78550.37,144425.79,111584.36,1.58,1.58,2.57,1.58,2.51,4.36
2026-10-07T08:01:29+00:00,ONDO-EUR,0.42276,0.42328,0.42302,12.29,537.03,423.28,76152.82,34329.36,112503.26,58951.26,6.15,6.18,7.43,6.15,6.15,6.58
2026-10-07T08:01:29+00:00,NMR-EUR,15.0102,15.1276,15.0689,77.91,49.3,738.28,1500.09,2487.06,10286.93,5426.03,38.95,38.95,39.0,38.99,39.37,45.99
2026-10-07T08:01:29+00:00,RENDER-EUR,1.8742,1.8761,1.87515,10.13,349.02,354.61,31437.39,23898.58,40011.87,27634.26,5.07,5.53,11.1,5.07,5.23,6.59
2026-10-07T08:01:29+00:00,CAP-EUR,0.0773705,0.0775845,0.0774775,27.62,23.85,5.08,13430.0,15573.66,32620.66,24192.08,13.82,13.82,13.82,13.82,13.82,13.82
2026-10-07T08:01:29+00:00,DOGE-EUR,0.081194,0.081203,0.0811985,1.11,929.1,268.25,125211.71,124262.42,174443.57,151433.51,0.55,0.95,2.14,0.55,0.55,1.42
2026-10-07T08:01:29+00:00,XLM-EUR,0.18441,0.18448,0.184445,3.8,12.3,834.85,110644.04,106775.26,158025.97,121802.25,1.9,1.9,2.53,2.37,2.43,3.09
2026-10-07T08:01:29+00:00,INJ-EUR,6.7558,6.7671,6.76145,16.71,1340.13,3060.0,29115.33,24891.13,58827.52,27538.21,8.36,8.36,8.36,8.36,8.36,8.4
2026-10-07T08:01:29+00:00,PEPE-EUR,3.7055e-06,3.7084e-06,3.707e-06,7.82,99.01,1348.11,88648.88,67460.29,104032.64,70208.17,3.91,3.91,4.43,3.92,4.78,5.07
2026-10-07T08:01:29+00:00,UNI-EUR,7.3082,7.3143,7.31125,8.34,268.1,268.32,49165.64,39027.48,78626.99,49895.25,4.17,4.24,5.36,4.17,4.24,5.39
2026-10-07T08:01:29+00:00,ZRO-EUR,1.9846,1.9882,1.9864,18.12,542.9,2863.01,22280.33,19200.83,37654.37,24389.14,9.06,9.06,9.06,9.06,9.06,10.64
2026-10-07T08:01:29+00:00,PNT-EUR,0.042754,0.042872,0.042813,27.56,92.28,539.37,167.89,539.37,394.85,701.25,13.78,13.78,112.67,15.32,69.27,102.42
2026-10-07T08:01:29+00:00,DOT-EUR,1.0106,1.0119,1.01125,12.86,1000.0,999.9,49905.52,39185.86,93204.41,54460.76,6.43,6.43,6.92,6.43,6.43,6.92
2026-10-07T08:01:29+00:00,USELESS-EUR,0.191918,0.192416,0.192167,25.91,162.75,163.17,25649.92,13414.64,38051.26,24267.29,12.96,13.59,14.72,12.96,13.19,14.01
2026-10-07T08:01:29+00:00,MOVR-EUR,1.6938,1.6975,1.69565,21.82,11.96,11.93,20410.71,16228.65,37293.76,20927.49,11.43,11.62,14.88,11.43,11.62,16.92
2026-10-07T08:01:29+00:00,TRB-EUR,18.353,18.391,18.372,20.68,179.07,198.96,10770.66,6092.22,19972.69,13592.22,10.34,11.65,12.4,10.34,11.08,13.08
2026-10-07T08:01:29+00:00,PARTI-EUR,0.031366,0.031425,0.0313955,18.79,24.6,345.64,11328.04,15946.24,33427.73,18446.24,9.4,9.49,11.74,9.64,11.53,17.4
2026-10-07T08:01:29+00:00,LTC-EUR,60.418,60.446,60.432,4.63,700.85,93.0,104391.31,80877.47,156761.13,106974.24,2.49,4.78,5.66,2.32,2.32,2.43
2026-10-07T08:01:29+00:00,PROM-EUR,4.8341,4.8455,4.8398,23.55,615.75,943.54,9721.16,11681.69,21296.39,17204.43,11.78,11.78,13.5,11.78,11.78,11.92
2026-10-07T08:01:29+00:00,ICP-EUR,2.8868,2.8913,2.88905,15.58,3799.01,9329.57,33768.13,27922.67,52943.63,40309.47,7.79,7.79,7.79,7.79,7.79,7.79
2026-10-07T08:01:29+00:00,RAY-EUR,1.99263,1.99559,1.99411,14.84,253.49,1325.15,19929.62,18318.77,40596.68,30365.17,7.42,7.42,8.52,7.42,7.45,8.28
2026-10-07T08:01:29+00:00,LPT-EUR,1.5445,1.5475,1.546,19.4,250.0,26.5,12013.08,714.24,18960.17,6023.05,15.82,24.48,43.65,9.7,10.03,12.19
2026-10-07T08:01:29+00:00,PENGU-EUR,0.0079689,0.0079766,0.00797275,9.66,345.31,883.11,29607.61,35244.04,45808.9,52551.32,4.83,4.83,5.36,4.83,5.26,6.5
2026-10-07T08:01:29+00:00,SPX-EUR,0.36277,0.36301,0.36289,6.61,589.42,100.0,38357.11,36018.47,52741.24,38669.52,3.31,3.53,4.4,3.31,3.31,6.09
2026-10-07T08:01:29+00:00,JUP-EUR,0.29573,0.2959,0.295815,5.75,881.56,198.98,34717.89,35239.36,60447.29,50690.62,2.87,3.48,3.79,2.87,2.87,7.47
2026-10-07T08:01:29+00:00,ARB-EUR,0.16831,0.16847,0.16839,9.5,199.01,223.63,45177.57,37698.3,57216.63,45196.82,4.75,5.08,8.92,4.75,5.36,5.79
2026-10-07T08:06:50+00:00,BTC-EUR,75122.0,75123.0,75122.5,0.13,17635.19,10761.7,2013209.23,2079816.61,2126850.66,2163269.32,0.07,0.07,0.07,0.07,0.07,0.07
2026-10-07T08:06:50+00:00,XRP-EUR,1.31364,1.31371,1.313675,0.53,240.08,246.17,623550.09,826629.37,1161315.74,988519.37,0.27,0.5,0.9,0.27,0.62,0.87
2026-10-07T08:06:50+00:00,ADA-EUR,0.23017,0.23023,0.2302,2.61,999.99,440.4,335636.83,129958.88,432791.46,199958.88,1.3,1.35,1.64,1.3,1.3,1.71
2026-10-07T08:06:50+00:00,ETH-EUR,2337.89,2338.0,2337.945,0.47,1424.15,446.79,937247.35,1080864.48,1206809.21,1362807.4,0.24,0.25,0.37,0.24,0.24,0.26
2026-10-07T08:06:50+00:00,SOL-EUR,105.948,105.951,105.9495,0.28,173.73,410.6,381846.03,359775.44,526650.79,569659.36,0.14,0.26,1.16,0.14,0.2,0.42
2026-10-07T08:06:50+00:00,QNT-EUR,226.92,227.101,227.0105,7.97,217.76,15.85,86089.44,76390.71,153066.36,113821.5,4.02,4.03,4.06,3.99,4.01,5.22
2026-10-07T08:06:50+00:00,HYPE-EUR,81.174,81.19,81.182,1.97,1258.73,1241.88,318690.32,287373.78,372548.41,373538.18,0.99,0.99,1.21,0.99,0.99,1.44
2026-10-07T08:06:50+00:00,NEAR-EUR,4.6232,4.6258,4.6245,5.62,406.33,356.62,79943.26,106400.55,123510.99,173464.31,2.81,3.06,4.05,2.81,3.95,7.64
2026-10-07T08:06:50+00:00,TAO-EUR,267.8,267.95,267.875,5.6,223.15,237.18,199213.88,145985.82,232241.8,205916.71,2.8,3.19,3.46,2.8,3.21,3.61
2026-10-07T08:06:50+00:00,SUI-EUR,1.01648,1.01665,1.016565,1.67,267.96,260.45,211725.35,142906.36,243710.46,191191.11,0.84,1.31,2.67,0.84,0.88,1.16
2026-10-07T08:06:50+00:00,AVAX-EUR,10.0628,10.0656,10.0642,2.78,719.35,702.77,140528.74,123717.36,188848.86,170224.66,1.39,1.39,1.94,1.39,1.39,1.45
2026-10-07T08:06:50+00:00,RLC-EUR,0.69179,0.6941,0.692945,33.34,1800.0,860.61,13573.39,9651.88,25479.03,11772.26,16.67,16.67,16.75,16.67,16.67,16.83
2026-10-07T08:06:50+00:00,FET-EUR,0.209,0.20901,0.209005,0.48,39179.39,710.67,72164.37,48656.62,117419.03,53656.62,0.24,0.24,2.71,0.24,0.24,0.24
2026-10-07T08:06:50+00:00,PUMP-EUR,0.0058308,0.005834,0.0058324,5.49,1253.03,64.38,83733.72,70203.22,151630.47,78330.39,2.8,2.89,4.43,2.74,2.74,2.97
2026-10-07T08:06:50+00:00,ZEUS-EUR,0.0060785,0.0061714,0.00612495,151.67,60.04,122.98,0.0,0.0,633.62,752.05,75.84,78.39,143.82,75.9,79.24,132.69
2026-10-07T08:06:50+00:00,ORCA-EUR,2.5659,2.56942,2.56766,13.71,402.59,842.31,8523.74,10337.86,19498.87,19678.18,6.85,6.85,6.88,6.85,6.88,6.95
2026-10-07T08:06:50+00:00,LINK-EUR,12.2504,12.2552,12.2528,3.92,808.75,442.86,149723.63,141680.48,207129.03,163536.49,1.96,2.1,2.96,1.96,1.96,3.1
2026-10-07T08:06:50+00:00,WLD-EUR,0.47084,0.47099,0.470915,3.19,446.77,59.85,141658.94,74656.66,185881.39,97970.33,5.26,11.08,12.56,1.59,1.64,1.92
2026-10-07T08:06:50+00:00,ENA-EUR,0.21306,0.21322,0.21314,7.51,1031.29,133.97,58711.03,54573.4,74499.66,59446.36,3.75,4.11,5.35,3.75,3.75,4.14
2026-10-07T08:06:50+00:00,HBAR-EUR,0.085623,0.085669,0.085646,5.37,48.42,1093.03,89493.03,76470.59,146071.99,109666.46,2.69,2.69,2.88,2.75,3.27,4.63
2026-10-07T08:06:50+00:00,ONDO-EUR,0.42221,0.42269,0.42245,11.36,21.36,151.26,79444.9,25409.61,107305.29,33685.17,5.68,6.18,7.67,5.87,5.91,6.53
2026-10-07T08:06:50+00:00,NMR-EUR,15.2331,15.3247,15.2789,59.95,220.66,47.89,2610.9,2752.72,11948.67,13198.33,30.01,30.04,34.66,29.98,30.08,31.02
2026-10-07T08:06:50+00:00,RENDER-EUR,1.8729,1.8741,1.8735,6.41,5905.43,215.17,30620.68,23471.84,47688.4,26234.46,3.2,5.03,10.85,3.2,3.2,3.2
2026-10-07T08:06:50+00:00,CAP-EUR,0.0774253,0.0776253,0.0775253,25.8,1820.89,23.86,14880.31,19040.83,36784.22,25402.7,12.91,12.91,12.91,12.9,12.9,12.9
2026-10-07T08:06:50+00:00,DOGE-EUR,0.081178,0.081191,0.0811845,1.6,1000.0,202.98,155180.42,125117.32,204301.02,152288.39,0.8,0.9,1.29,0.8,0.8,1.33
2026-10-07T08:06:50+00:00,XLM-EUR,0.18428,0.1843,0.18429,1.09,929.26,8.85,110913.09,119290.02,149601.2,137627.69,2.03,2.83,3.96,0.54,0.54,0.89
2026-10-07T08:06:50+00:00,INJ-EUR,6.713,6.7141,6.71355,1.64,8030.43,3060.0,36103.85,26757.79,57342.71,29374.69,0.82,0.82,0.82,0.82,0.82,0.82
2026-10-07T08:06:50+00:00,PEPE-EUR,3.7015e-06,3.703e-06,3.7023e-06,4.05,992.33,893.36,82287.29,70467.92,97547.27,73513.8,2.03,2.03,2.18,2.03,2.03,3.66
2026-10-07T08:06:50+00:00,UNI-EUR,7.3168,7.3207,7.31875,5.33,1507.86,699.76,48211.5,43495.99,74936.1,53801.67,2.66,2.66,3.69,2.66,2.66,3.1
2026-10-07T08:06:50+00:00,ZRO-EUR,1.9873,1.991,1.98915,18.6,555.83,12.2,22233.9,18954.26,37551.93,32032.95,9.74,9.79,10.48,9.3,9.3,9.96
2026-10-07T08:06:50+00:00,PNT-EUR,0.042672,0.042969,0.0428205,69.36,34.14,53.4,185.07,53.4,435.8,136.64,50.1,113.47,172.66,35.02,68.7,113.58
2026-10-07T08:06:50+00:00,DOT-EUR,1.0107,1.0119,1.0113,11.87,18.19,1018.26,67594.42,39539.89,130703.97,54814.4,5.93,5.93,6.42,6.74,6.89,6.91
2026-10-07T08:06:50+00:00,USELESS-EUR,0.192001,0.192423,0.192212,21.95,162.82,163.18,14064.79,20204.36,41022.62,26177.41,10.98,11.03,11.07,10.98,11.25,15.93
2026-10-07T08:06:50+00:00,MOVR-EUR,1.6869,1.6915,1.6892,27.23,12.03,12.04,17850.97,14377.97,34108.07,18546.21,14.14,14.33,15.9,14.14,14.33,18.38
2026-10-07T08:06:50+00:00,TRB-EUR,18.293,18.314,18.3035,11.47,100.0,198.96,11653.48,10439.29,27595.5,10439.29,5.74,7.05,8.1,5.74,6.83,11.28
2026-10-07T08:06:50+00:00,PARTI-EUR,0.031147,0.031224,0.0311855,24.69,342.58,367.59,10005.79,13793.46,30390.71,16293.46,12.35,12.43,12.61,12.35,13.13,14.71
2026-10-07T08:06:50+00:00,LTC-EUR,60.378,60.393,60.3855,2.48,915.87,93.16,98833.65,77070.88,155209.23,99892.08,1.29,2.54,5.4,1.24,1.24,1.62
2026-10-07T08:06:50+00:00,PROM-EUR,4.8537,4.8636,4.85865,20.38,49.35,947.06,8883.98,10030.73,27841.21,16717.12,10.19,10.19,12.32,10.29,10.37,10.51
2026-10-07T08:06:50+00:00,ICP-EUR,2.888,2.8921,2.89005,14.19,310.65,257.37,33423.69,23034.8,57311.18,39398.69,7.09,7.26,7.39,7.09,7.78,9.86
2026-10-07T08:06:50+00:00,RAY-EUR,2.00197,2.0036,2.002785,8.14,254.68,254.89,17072.69,20538.25,39750.23,27623.95,4.07,4.75,6.8,4.07,4.98,8.67
2026-10-07T08:06:50+00:00,PENGU-EUR,0.0079627,0.0079708,0.00796675,10.17,881.57,882.47,32592.22,30408.26,63586.03,54657.11,5.08,5.08,6.69,5.08,5.08,5.17
2026-10-07T08:06:50+00:00,LPT-EUR,1.5289,1.5339,1.5314,32.65,250.0,47.55,10029.52,1839.45,16579.48,4394.21,19.82,30.1,44.17,16.32,17.96,23.56
2026-10-07T08:06:50+00:00,SPX-EUR,0.36251,0.36277,0.36264,7.17,49.0,380.1,42230.1,36362.85,50458.43,38957.03,3.58,4.09,7.18,3.73,3.83,5.55
2026-10-07T08:06:50+00:00,JUP-EUR,0.29563,0.29587,0.29575,8.11,879.57,198.98,40674.52,33402.66,62459.97,51798.97,4.06,4.67,4.97,4.06,4.06,8.51
2026-10-07T08:06:50+00:00,ARB-EUR,0.16814,0.16831,0.168225,10.11,5556.37,186.73,47393.34,37627.27,64716.43,45384.72,5.05,5.43,7.62,5.05,5.05,5.05
2026-10-07T08:15:21+00:00,BTC-EUR,75117.0,75118.0,75117.5,0.13,24290.63,7313.27,2138559.7,1894189.81,2253598.69,1977652.62,0.07,0.07,0.07,0.07,0.07,0.07
2026-10-07T08:15:21+00:00,XRP-EUR,1.31237,1.31238,1.312375,0.08,7149.67,750.41,654728.88,764488.82,974858.26,996407.69,0.04,0.04,0.61,0.04,0.04,0.04
2026-10-07T08:15:21+00:00,ADA-EUR,0.23071,0.23087,0.23079,6.93,3352.76,457.82,267721.27,176032.6,383005.26,246100.2,3.47,3.65,5.14,3.47,3.47,3.47
2026-10-07T08:15:21+00:00,ETH-EUR,2337.25,2337.26,2337.255,0.04,4470.55,7080.21,1111906.36,1087598.67,1182427.75,1386126.12,0.02,0.02,0.02,0.02,0.02,0.02
2026-10-07T08:15:21+00:00,SOL-EUR,105.961,105.962,105.9615,0.09,338.34,172.2,427085.21,291689.56,572262.79,501573.49,0.05,0.37,0.66,0.05,0.14,0.62
2026-10-07T08:15:21+00:00,QNT-EUR,226.841,227.037,226.939,8.64,166.08,16.06,80117.18,86014.1,147765.37,111673.47,4.36,4.36,5.13,4.32,4.35,5.31
2026-10-07T08:15:21+00:00,HYPE-EUR,81.248,81.26,81.254,1.48,1285.94,1306.02,316450.34,285640.71,370355.37,391851.43,0.74,0.74,0.78,0.74,0.74,0.78
2026-10-07T08:15:21+00:00,NEAR-EUR,4.6048,4.6076,4.6062,6.08,169.6,535.98,94932.26,127111.0,135083.27,190438.26,3.04,3.04,3.3,3.04,4.47,6.59
2026-10-07T08:15:21+00:00,TAO-EUR,268.0,268.03,268.015,1.12,536.0,999.55,161970.43,177625.84,228452.93,210065.19,0.56,0.56,1.65,0.56,0.56,1.36
2026-10-07T08:15:21+00:00,SUI-EUR,1.01626,1.01641,1.016335,1.48,268.07,268.11,195061.07,145638.8,247346.17,190994.42,0.74,0.78,3.2,0.74,0.78,1.34
2026-10-07T08:15:21+00:00,AVAX-EUR,10.0629,10.0656,10.06425,2.68,536.19,254.67,174431.75,118763.2,210853.6,156881.67,1.34,1.93,3.64,1.34,1.34,2.27
2026-10-07T08:15:21+00:00,RLC-EUR,0.68972,0.69203,0.690875,33.44,100.0,1530.0,8848.09,5014.66,29667.42,13110.58,16.72,16.72,18.55,16.72,16.83,27.38
2026-10-07T08:15:21+00:00,FET-EUR,0.209,0.20905,0.209025,2.39,21123.94,11.89,50417.59,31414.57,74746.51,42325.03,1.62,1.7,3.84,1.2,1.2,1.2
2026-10-07T08:15:21+00:00,PUMP-EUR,0.0058642,0.0058674,0.0058658,5.46,876.51,129.49,76090.27,77290.63,92281.2,85808.18,2.73,2.85,3.84,2.73,2.73,3.8
2026-10-07T08:15:21+00:00,ZEUS-EUR,0.0062892,0.0063724,0.0063308,131.42,47.02,209.37,0.0,0.0,990.11,631.89,65.71,65.95,116.9,65.86,68.3,107.02
2026-10-07T08:15:21+00:00,ORCA-EUR,2.59193,2.59893,2.59543,26.97,45.56,44.77,7904.48,9495.18,16140.85,17706.73,13.51,13.7,14.9,13.51,15.12,18.29
2026-10-07T08:15:21+00:00,LINK-EUR,12.2577,12.262,12.25985,3.51,343.24,650.42,160651.47,147128.26,197219.15,172726.56,1.75,1.75,2.46,1.75,2.08,4.07
2026-10-07T08:15:21+00:00,WLD-EUR,0.47059,0.47085,0.47072,5.52,63.14,65.43,124653.03,76068.56,181228.94,99374.04,3.9,9.8,12.95,3.0,3.32,3.38
2026-10-07T08:15:21+00:00,ENA-EUR,0.21353,0.21368,0.213605,7.02,1033.57,621.63,58855.09,53643.58,80106.69,63204.64,3.51,3.51,4.48,3.51,3.51,4.32
2026-10-07T08:15:21+00:00,HBAR-EUR,0.085617,0.085647,0.085632,3.5,208.51,999.41,91226.08,77529.57,144720.23,110497.62,1.75,1.75,3.08,1.75,2.02,2.17
2026-10-07T08:15:21+00:00,NMR-EUR,15.0013,15.0974,15.04935,63.86,179.67,356.17,1245.6,5407.64,5450.43,15957.1,31.93,31.95,32.07,31.93,31.97,41.09
2026-10-07T08:15:21+00:00,ONDO-EUR,0.42154,0.42218,0.42186,15.17,25.0,537.6,69571.29,27034.68,90862.0,52722.92,7.59,7.59,9.38,9.9,10.51,10.93
2026-10-07T08:15:21+00:00,RENDER-EUR,1.8742,1.8765,1.87535,12.26,100.0,661.54,31458.39,26289.54,43374.36,29977.37,6.13,6.13,12.2,6.13,6.61,7.05
2026-10-07T08:15:21+00:00,CAP-EUR,0.0773485,0.0775395,0.077444,24.66,1795.12,24.13,13840.29,13635.88,32915.52,25934.31,12.34,12.34,12.35,12.33,12.33,12.33
2026-10-07T08:15:21+00:00,DOGE-EUR,0.081237,0.08126,0.0812485,2.83,984.88,268.35,146281.16,126844.96,191500.2,158573.88,1.42,1.85,2.66,1.42,1.42,1.73
2026-10-07T08:15:21+00:00,XLM-EUR,0.18414,0.18415,0.184145,0.54,447.1,889.49,112659.61,114704.22,159781.76,129731.23,0.27,0.27,2.56,0.27,0.33,0.87
2026-10-07T08:15:21+00:00,INJ-EUR,6.7079,6.7137,6.7108,8.64,149.01,100.0,39777.49,30627.73,57142.08,33244.67,4.32,5.38,6.82,4.32,4.64,4.77
2026-10-07T08:15:21+00:00,PEPE-EUR,3.701e-06,3.7034e-06,3.7022e-06,6.48,99.01,719.35,86957.05,74586.57,99717.03,77632.89,3.24,3.24,4.62,3.25,4.11,4.7
2026-10-07T08:15:21+00:00,UNI-EUR,7.3022,7.3072,7.3047,6.84,752.43,37.06,55798.15,44489.6,83145.37,55535.93,3.51,3.6,4.68,3.42,3.42,3.79
2026-10-07T08:15:21+00:00,ZRO-EUR,1.9972,2.0006,1.9989,17.01,546.35,12.1,16233.73,17081.3,31021.18,30028.33,8.94,8.99,11.54,8.5,8.5,10.93
2026-10-07T08:15:21+00:00,PNT-EUR,0.042691,0.042769,0.04273,18.25,34.15,69.97,99.11,301.81,349.84,390.78,9.2,55.97,258.05,11.91,70.71,130.83
2026-10-07T08:15:21+00:00,DOT-EUR,1.0118,1.0129,1.01235,10.87,1000.0,1472.93,82453.42,40742.41,112429.55,55987.13,5.43,5.43,5.69,5.43,5.43,5.93
2026-10-07T08:15:21+00:00,USELESS-EUR,0.191968,0.192392,0.19218,22.06,162.79,163.15,19423.2,17808.14,44655.74,27859.95,11.03,11.08,11.59,11.03,11.26,14.59
2026-10-07T08:15:21+00:00,MOVR-EUR,1.6927,1.6973,1.695,27.14,806.14,11.98,18135.43,15277.87,23803.83,20295.19,14.09,14.42,15.11,13.57,13.57,18.1
2026-10-07T08:15:21+00:00,TRB-EUR,18.281,18.298,18.2895,9.29,250.0,1606.25,11984.65,6836.5,27786.13,10957.65,4.65,4.65,5.72,4.65,7.11,9.69
2026-10-07T08:15:21+00:00,PARTI-EUR,0.031252,0.031301,0.0312765,15.67,24.37,344.28,11344.01,12975.53,21470.78,15570.28,7.83,7.93,12.97,8.08,10.42,15.19
2026-10-07T08:15:21+00:00,LTC-EUR,60.408,60.441,60.4245,5.46,696.89,334.46,109081.62,83967.97,139575.64,110145.68,2.73,3.13,5.02,2.73,2.73,2.94
2026-10-07T08:15:21+00:00,PROM-EUR,4.8557,4.8635,4.8596,16.05,48.48,47.81,9077.58,8007.66,19906.82,20976.01,8.13,10.94,17.24,8.13,8.36,11.12
2026-10-07T08:15:21+00:00,ICP-EUR,2.8814,2.885,2.8832,12.49,199.03,41.44,35870.0,30174.08,58891.74,43147.92,6.87,7.76,7.92,6.24,7.46,8.63
2026-10-07T08:15:21+00:00,RAY-EUR,1.99464,1.99612,1.99538,7.42,253.75,249.29,19618.6,19332.54,45510.56,27458.4,3.71,5.53,8.26,3.71,4.89,11.82
2026-10-07T08:15:21+00:00,PENGU-EUR,0.0079259,0.0079323,0.0079291,8.07,1834.98,878.21,30727.92,30793.57,47715.43,48037.54,4.04,4.04,5.08,4.04,4.04,4.05
2026-10-07T08:15:21+00:00,SPX-EUR,0.36302,0.36323,0.363125,5.78,24.6,24.24,37813.19,35751.58,51098.88,38345.82,3.1,4.59,6.87,3.1,4.38,6.9
2026-10-07T08:15:21+00:00,LPT-EUR,1.5286,1.5327,1.53065,26.79,140.63,250.0,7154.7,1886.49,18023.62,4431.12,13.39,19.4,31.29,13.39,16.46,21.86
2026-10-07T08:15:21+00:00,JUP-EUR,0.29534,0.29557,0.295455,7.78,884.61,1275.04,37245.03,34411.37,64314.26,46493.05,3.89,3.89,4.01,3.89,3.89,6.62
2026-10-07T08:15:21+00:00,ARB-EUR,0.16812,0.1683,0.16821,10.7,199.01,89.44,47223.03,37120.49,64064.87,44676.43,5.41,5.84,9.99,5.35,5.71,5.89
2026-10-07T08:20:21+00:00,BTC-EUR,75069.0,75070.0,75069.5,0.13,25660.16,15255.19,2058279.22,1955751.75,2710565.7,2219573.57,0.07,0.07,0.07,0.07,0.07,0.07
2026-10-07T08:20:21+00:00,XRP-EUR,1.3114,1.31141,1.311405,0.08,446.75,8804.49,783206.57,841344.15,1425703.43,1211789.6,0.04,0.04,0.04,0.04,0.08,0.8
2026-10-07T08:20:21+00:00,ADA-EUR,0.23027,0.23038,0.230325,4.78,288.85,5888.51,274628.6,214683.87,351612.01,284751.5,2.39,2.39,2.39,2.39,2.57,3.84
2026-10-07T08:20:21+00:00,ETH-EUR,2336.5,2336.51,2336.505,0.04,3756.31,2960.77,1127362.48,1009257.29,1203412.32,1112901.24,0.02,0.02,0.02,0.02,0.02,0.02
2026-10-07T08:20:21+00:00,SOL-EUR,105.918,105.919,105.9185,0.09,847.2,825.21,353803.35,383816.35,519590.42,592312.34,0.05,0.05,0.3,0.05,0.05,0.28
2026-10-07T08:20:21+00:00,QNT-EUR,227.317,227.463,227.39,6.42,812.36,498.99,85520.9,84636.95,156367.58,135127.75,3.21,3.21,3.99,3.21,3.21,5.69
2026-10-07T08:20:21+00:00,HYPE-EUR,81.139,81.148,81.1435,1.11,1273.34,1284.11,293843.49,248342.51,348163.91,304785.46,0.55,0.55,0.62,0.55,0.55,0.73
2026-10-07T08:20:21+00:00,NEAR-EUR,4.5947,4.5977,4.5962,6.53,706.19,548.08,116395.59,103309.37,162261.83,140765.16,3.26,3.26,3.52,3.26,3.26,3.81
2026-10-07T08:20:21+00:00,TAO-EUR,267.03,267.17,267.1,5.24,214.13,216.31,181907.02,161863.28,217718.03,196262.58,2.62,3.68,4.56,2.62,3.05,3.47
2026-10-07T08:20:21+00:00,SUI-EUR,1.01693,1.01723,1.01708,2.95,11.93,268.04,194367.26,160789.66,234737.87,192879.76,1.47,1.57,2.33,1.56,1.61,1.81
2026-10-07T08:20:21+00:00,AVAX-EUR,10.0493,10.0523,10.0508,2.98,100.0,156.18,177980.33,117459.48,212388.52,158832.85,1.49,1.77,3.15,1.49,1.82,2.74
2026-10-07T08:20:21+00:00,RLC-EUR,0.68128,0.68404,0.68266,40.43,49.41,1318.72,13738.26,11801.84,21226.43,18040.39,20.22,20.22,20.26,20.29,20.35,20.43
2026-10-07T08:20:21+00:00,FET-EUR,0.20789,0.20829,0.20809,19.22,249.99,12.2,31355.84,23933.55,70198.53,31295.12,10.03,10.12,14.01,9.61,11.09,15.39
2026-10-07T08:20:21+00:00,PUMP-EUR,0.0058823,0.0058864,0.00588435,6.97,325.0,129.91,77836.57,71957.11,94130.16,81575.84,3.48,3.61,4.09,3.48,3.78,4.88
2026-10-07T08:20:21+00:00,ZEUS-EUR,0.0063675,0.0064471,0.0064073,124.23,48.75,83.75,0.0,0.0,2525.47,4949.9,62.14,65.5,66.35,62.2,71.23,87.64
2026-10-07T08:20:21+00:00,ORCA-EUR,2.58633,2.59423,2.59028,30.5,88.97,89.24,10900.47,6657.63,20232.82,20374.43,15.25,15.9,17.52,15.26,15.43,15.96
2026-10-07T08:20:21+00:00,LINK-EUR,12.2568,12.2611,12.25895,3.51,100.0,1295.41,149994.55,147934.11,206596.01,173476.48,1.75,1.75,1.81,1.75,1.82,3.14
2026-10-07T08:20:21+00:00,WLD-EUR,0.46996,0.47014,0.47005,3.83,16886.1,69.2,129027.39,83016.07,175323.63,107535.76,3.61,8.6,11.23,1.91,1.91,1.91
2026-10-07T08:20:21+00:00,ENA-EUR,0.2125,0.21256,0.21253,2.82,1028.58,446.82,52728.34,51041.0,73924.56,56433.29,1.41,1.46,2.19,1.41,1.41,3.4
2026-10-07T08:20:21+00:00,HBAR-EUR,0.085388,0.085439,0.0854135,5.97,61.22,48.06,90325.62,76084.46,136734.12,109986.24,3.05,3.09,3.4,3.03,3.39,5.05
2026-10-07T08:20:21+00:00,NMR-EUR,14.9276,15.0049,14.96625,51.65,136.32,357.52,2346.44,6832.46,10050.74,17590.97,25.82,25.84,25.98,25.82,25.88,35.86
2026-10-07T08:20:21+00:00,ONDO-EUR,0.42112,0.42167,0.421395,13.05,193.95,393.32,67987.96,37387.95,106458.25,48856.61,6.53,6.58,6.72,6.53,6.67,8.55
2026-10-07T08:20:21+00:00,RENDER-EUR,1.8677,1.8694,1.86855,9.1,449.0,134.08,31614.32,25471.83,54809.1,30449.72,4.55,6.72,13.25,4.55,4.66,5.8
2026-10-07T08:20:21+00:00,CAP-EUR,0.0770245,0.0772369,0.0771307,27.54,23.89,24.48,14882.52,17200.66,36969.33,25682.35,13.78,13.78,13.78,13.78,13.78,13.78
2026-10-07T08:20:21+00:00,DOGE-EUR,0.08113,0.08115,0.08114,2.46,492.53,948.79,140295.69,113595.07,191959.89,152997.35,1.23,1.23,1.79,1.23,1.23,1.38
2026-10-07T08:20:21+00:00,XLM-EUR,0.18387,0.1839,0.183885,1.63,833.38,366.49,105675.62,112847.93,148992.46,131709.24,0.82,1.83,4.89,0.82,0.82,1.33
2026-10-07T08:20:21+00:00,INJ-EUR,6.7084,6.7164,6.7124,11.92,149.0,189.41,34732.45,29265.78,55821.85,31882.85,5.96,6.24,6.59,5.96,6.06,6.1
2026-10-07T08:20:21+00:00,PEPE-EUR,3.6954e-06,3.6977e-06,3.6966e-06,6.22,1356.98,892.9,74775.42,67907.8,87643.36,70954.21,3.11,3.11,6.65,3.11,3.11,3.45
2026-10-07T08:20:21+00:00,UNI-EUR,7.2889,7.2934,7.29115,6.17,31.58,211.89,42304.95,40889.71,75837.8,61798.67,3.09,3.32,4.21,4.31,4.79,5.38
2026-10-07T08:20:21+00:00,ZRO-EUR,1.9962,1.9996,1.9979,17.02,11.9,547.01,19678.07,23072.6,34328.37,26067.16,8.51,8.51,11.09,8.95,9.0,9.37
2026-10-07T08:20:21+00:00,PNT-EUR,0.042364,0.042627,0.0424955,61.89,33.89,71.55,98.35,71.55,258.13,205.1,41.16,124.02,180.73,33.1,114.5,239.45
2026-10-07T08:20:21+00:00,DOT-EUR,1.0119,1.013,1.01245,10.86,9660.6,325.07,51809.25,39128.79,99246.67,56875.34,5.43,5.78,7.59,5.43,5.43,5.43
2026-10-07T08:20:21+00:00,USELESS-EUR,0.190815,0.191197,0.191006,20.0,161.81,162.14,21176.13,13547.42,46141.49,26696.13,10.0,10.15,16.07,10.0,10.19,13.06
2026-10-07T08:20:21+00:00,MOVR-EUR,1.6998,1.705,1.7024,30.55,822.77,11.88,17976.54,18965.48,32076.7,21867.67,15.79,15.85,17.26,15.27,15.27,16.92
2026-10-07T08:20:21+00:00,TRB-EUR,18.325,18.361,18.343,19.63,467.38,605.91,12090.4,8663.67,28943.34,11163.67,9.81,9.81,10.65,9.81,9.99,12.6
2026-10-07T08:20:21+00:00,PARTI-EUR,0.031292,0.031357,0.0313245,20.75,24.71,344.89,13574.76,13164.71,23854.25,15759.7,10.38,10.47,12.21,10.62,12.61,16.68
2026-10-07T08:20:21+00:00,LTC-EUR,60.36,60.376,60.368,2.65,100.0,87.68,114684.2,86995.39,149087.44,105845.45,1.35,1.46,4.43,1.33,1.46,2.21
2026-10-07T08:20:21+00:00,PROM-EUR,4.8548,4.8656,4.8602,22.22,47.57,48.22,13039.76,11537.78,30496.57,20574.6,11.22,12.27,16.14,11.22,11.44,11.6
2026-10-07T08:20:21+00:00,ICP-EUR,2.8782,2.8818,2.88,12.5,1015.42,19.62,28650.55,27177.05,54122.3,37632.56,7.38,8.3,8.95,6.25,6.25,6.42
2026-10-07T08:20:21+00:00,PENGU-EUR,0.0078871,0.0078928,0.00788995,7.22,384.36,111.63,25682.78,32419.25,38583.88,49606.31,3.61,4.5,4.69,3.61,3.64,3.71
2026-10-07T08:20:21+00:00,RAY-EUR,1.98821,1.9904,1.989305,11.01,252.93,149.0,23580.89,24288.95,41899.82,33373.18,5.5,5.96,7.09,5.5,5.53,5.95
2026-10-07T08:20:21+00:00,SPX-EUR,0.36213,0.36247,0.3623,9.38,449.35,124.13,39653.15,36466.95,47894.48,39061.04,4.69,4.9,7.74,4.69,4.92,7.17
2026-10-07T08:20:21+00:00,LPT-EUR,1.5255,1.5302,1.52785,30.76,140.63,250.0,4169.68,1933.72,16104.68,4488.28,15.38,19.03,28.05,15.38,16.28,27.13
2026-10-07T08:20:21+00:00,JUP-EUR,0.29447,0.29491,0.29469,14.93,100.0,198.98,33927.96,33156.78,59658.12,45443.68,7.47,7.87,8.08,7.47,9.97,11.55
2026-10-07T08:20:21+00:00,ARB-EUR,0.16742,0.16752,0.16747,5.97,7482.44,223.58,36588.79,32186.82,53740.9,39695.28,2.99,3.59,7.94,2.99,2.99,2.99
2026-10-07T08:25:21+00:00,BTC-EUR,75007.0,75008.0,75007.5,0.13,5181.59,7887.99,2140646.86,1946825.81,2804407.7,2208208.15,0.07,0.07,0.07,0.07,0.07,0.07
2026-10-07T08:25:21+00:00,XRP-EUR,1.30941,1.30942,1.309415,0.08,1441.56,2224.19,666324.93,789720.52,1406135.98,1155352.88,0.04,0.04,0.04,0.04,0.04,0.08
2026-10-07T08:25:21+00:00,ADA-EUR,0.23034,0.2304,0.23037,2.6,457.86,2335.22,268141.94,227573.95,360927.42,297641.46,1.3,1.3,1.3,1.3,1.63,4.57
2026-10-07T08:25:21+00:00,ETH-EUR,2336.32,2336.33,2336.325,0.04,4873.49,1744.53,1070771.24,1252496.96,1147189.17,1356086.1,0.02,0.02,0.05,0.02,0.02,0.02
2026-10-07T08:25:21+00:00,SOL-EUR,105.855,105.856,105.8555,0.09,849.3,710.07,410759.77,339460.51,530469.19,520279.97,0.05,0.05,0.43,0.05,0.05,0.21
2026-10-07T08:25:21+00:00,QNT-EUR,227.21,227.412,227.311,8.89,15.66,16.05,85713.77,74523.55,153894.75,114557.05,4.48,4.49,4.72,4.48,4.49,5.46
2026-10-07T08:25:21+00:00,HYPE-EUR,81.082,81.096,81.089,1.73,1314.57,1217.18,296206.54,298058.9,368309.13,384473.23,0.86,0.86,0.91,0.86,0.86,0.91
2026-10-07T08:25:21+00:00,NEAR-EUR,4.6045,4.6053,4.6049,1.74,241.34,16045.6,80024.51,110824.93,152020.43,193099.76,0.87,0.87,0.87,0.87,1.88,3.34
2026-10-07T08:25:21+00:00,TAO-EUR,267.26,267.36,267.31,3.74,208.36,214.39,175448.91,154293.87,219906.0,209967.64,1.87,2.08,3.12,1.87,2.09,2.67
2026-10-07T08:25:21+00:00,SUI-EUR,1.01681,1.01691,1.01686,0.98,740.5,187.92,204952.49,149279.42,243077.91,195972.58,0.49,0.86,1.85,0.49,0.49,0.55
2026-10-07T08:25:21+00:00,AVAX-EUR,10.028,10.0312,10.0296,3.19,100.0,220.2,165086.82,115092.79,208498.69,151542.23,1.6,2.29,3.99,1.6,1.68,2.16
2026-10-07T08:25:21+00:00,RLC-EUR,0.68222,0.68442,0.68332,32.2,158.7,1530.0,10135.26,6678.47,20480.32,14043.74,16.1,16.1,17.34,16.1,16.2,16.25
2026-10-07T08:25:21+00:00,FET-EUR,0.2082,0.20838,0.20829,8.64,44913.31,484.06,91183.16,24062.66,123906.77,26562.66,4.32,4.34,13.64,4.32,4.32,4.32
2026-10-07T08:25:21+00:00,PUMP-EUR,0.0058716,0.0058753,0.00587345,6.3,423.37,1327.42,68629.36,70832.83,84422.63,80771.1,3.15,3.15,3.21,3.15,3.28,6.49
2026-10-07T08:25:21+00:00,ZEUS-EUR,0.0063152,0.0063732,0.0063442,91.42,47.89,48.19,156.83,1426.02,245.92,2251.18,45.79,45.95,57.99,45.79,80.66,176.28
2026-10-07T08:25:21+00:00,ORCA-EUR,2.56018,2.56868,2.56443,33.15,44.6,137.36,7095.77,4101.32,12185.63,16980.88,16.57,16.6,18.5,16.59,16.88,17.55
2026-10-07T08:25:21+00:00,LINK-EUR,12.2499,12.253,12.25145,2.53,100.0,691.51,140252.21,150701.5,193651.36,176292.15,1.27,1.27,2.05,1.27,2.18,3.76
2026-10-07T08:25:21+00:00,WLD-EUR,0.46998,0.4702,0.47009,4.68,102.21,105.34,141629.56,90375.97,189227.31,114894.33,2.34,4.02,9.99,2.34,2.53,3.17
2026-10-07T08:25:21+00:00,ENA-EUR,0.21317,0.21329,0.21323,5.63,100.0,223.41,62787.58,58211.06,87833.98,63082.79,2.81,3.07,4.27,2.81,3.19,3.68
2026-10-07T08:25:21+00:00,HBAR-EUR,0.085205,0.085247,0.085226,4.93,47.85,643.04,91496.53,77904.91,149551.59,109585.27,2.46,2.46,3.44,2.53,3.27,4.39
2026-10-07T08:25:21+00:00,NMR-EUR,14.8838,14.9451,14.91445,41.1,131.29,357.16,2340.88,7105.65,19216.61,17574.08,20.55,20.57,22.14,20.55,20.66,28.44
2026-10-07T08:25:21+00:00,ONDO-EUR,0.42186,0.42246,0.42216,14.21,5.9,348.98,89108.27,37584.23,110247.18,60528.1,7.11,7.32,8.85,10.45,10.74,10.86
2026-10-07T08:25:21+00:00,RENDER-EUR,1.8757,1.8784,1.87705,14.38,449.06,349.11,26145.39,19152.47,41411.33,23014.2,7.19,8.32,10.65,7.19,7.36,8.79
2026-10-07T08:25:21+00:00,CAP-EUR,0.0774163,0.0776467,0.0775315,29.72,24.44,24.17,11189.87,17586.82,25119.16,24773.63,14.87,14.87,14.87,14.87,14.87,14.87
2026-10-07T08:25:21+00:00,DOGE-EUR,0.08117,0.081177,0.0811735,0.86,1115.8,188.88,119286.66,116942.09,167851.13,143709.14,0.43,0.58,0.88,0.43,0.43,1.17
2026-10-07T08:25:21+00:00,XLM-EUR,0.18365,0.18369,0.18367,2.18,827.68,447.76,109072.03,108345.45,156584.82,126643.15,1.09,1.34,3.69,1.09,1.09,2.09
2026-10-07T08:25:21+00:00,INJ-EUR,6.7103,6.7185,6.7144,12.21,149.0,100.0,31176.9,26840.15,52133.56,29456.93,6.11,6.3,6.38,6.11,6.33,6.5
2026-10-07T08:25:21+00:00,PEPE-EUR,3.6934e-06,3.6962e-06,3.6948e-06,7.58,1626.95,5.24,97272.29,73937.3,112639.68,76983.04,4.05,4.06,4.97,3.79,3.79,3.99
2026-10-07T08:25:21+00:00,UNI-EUR,7.2775,7.2833,7.2804,7.97,749.88,348.99,44909.13,46371.5,70672.62,58621.46,3.98,4.11,5.52,3.98,3.98,4.09
2026-10-07T08:25:21+00:00,ZRO-EUR,1.9951,1.9986,1.99685,17.53,757.03,546.73,23452.04,21260.25,39914.02,29964.29,8.76,8.76,9.13,8.76,8.76,11.56
2026-10-07T08:25:21+00:00,PNT-EUR,0.042422,0.043215,0.0428185,185.2,50.13,69.14,0.0,0.0,219.82,518.94,92.67,96.16,113.98,92.72,122.04,167.7
2026-10-07T08:25:21+00:00,DOT-EUR,1.0097,1.0107,1.0102,9.9,18.22,18.53,76604.34,33105.69,104593.58,50882.78,5.76,5.9,10.21,5.76,5.9,5.93
2026-10-07T08:25:21+00:00,USELESS-EUR,0.191051,0.191483,0.191267,22.59,149.01,162.38,20256.86,20176.64,48131.82,25316.7,11.29,11.47,11.65,11.29,11.72,13.47
2026-10-07T08:25:21+00:00,TRB-EUR,18.382,18.408,18.395,14.13,100.0,139.9,10496.28,9430.74,21245.06,19365.31,7.07,7.86,9.3,7.07,7.72,12.89
2026-10-07T08:25:21+00:00,MOVR-EUR,1.6957,1.6979,1.6968,12.97,599.23,12.03,22003.37,18900.22,35040.35,21722.5,7.0,7.06,7.4,6.48,6.48,14.11
2026-10-07T08:25:21+00:00,PARTI-EUR,0.031196,0.031267,0.0312315,22.73,343.12,249.99,15146.46,11724.41,36860.71,18298.44,11.37,12.01,14.96,11.37,11.47,12.08
2026-10-07T08:25:21+00:00,LTC-EUR,60.415,60.433,60.424,2.98,678.11,317.25,111678.36,82202.79,160254.1,109259.75,1.49,2.27,4.7,1.49,1.49,2.44
2026-10-07T08:25:21+00:00,PROM-EUR,4.8752,4.8832,4.8792,16.4,48.16,48.16,12017.45,12371.56,29467.55,20821.19,8.3,13.19,19.5,8.3,8.38,9.73
2026-10-07T08:25:21+00:00,ICP-EUR,2.8723,2.8755,2.8739,11.13,100.0,151.82,35658.01,29945.85,59784.89,40384.03,5.57,6.81,8.75,5.57,5.85,5.9
2026-10-07T08:25:21+00:00,PENGU-EUR,0.007846,0.0078595,0.00785275,17.19,980.01,111.55,23511.24,27469.96,51744.53,35076.81,8.6,8.8,10.88,8.6,8.6,10.64
2026-10-07T08:25:21+00:00,RAY-EUR,1.97849,1.98076,1.979625,11.47,210.79,385.46,24950.41,26346.22,48387.95,34960.08,5.73,5.76,6.93,5.73,6.34,9.36
2026-10-07T08:25:21+00:00,SPX-EUR,0.36171,0.36205,0.36188,9.4,428.6,124.5,41720.83,36054.16,49961.97,39529.51,4.7,4.91,7.03,4.7,5.37,8.72
2026-10-07T08:25:21+00:00,LPT-EUR,1.5284,1.5332,1.5308,31.36,140.63,47.53,7067.17,1934.07,17898.23,4498.75,16.36,20.48,32.08,15.68,16.86,21.55
2026-10-07T08:25:21+00:00,JUP-EUR,0.29454,0.29501,0.294775,15.94,100.0,3600.0,40400.7,33027.98,60131.12,48620.14,7.97,7.97,7.97,7.97,8.24,9.22
2026-10-07T08:25:21+00:00,ARB-EUR,0.16698,0.16708,0.16703,5.99,5357.33,15.76,42847.35,36659.68,59690.11,42950.9,3.5,3.87,9.05,2.99,2.99,2.99
2026-10-07T08:30:21+00:00,BTC-EUR,75054.0,75055.0,75054.5,0.13,6774.72,13815.49,2013746.31,2020284.44,2710243.72,2310145.57,0.07,0.07,0.07,0.07,0.07,0.07
2026-10-07T08:30:21+00:00,XRP-EUR,1.30962,1.30963,1.309625,0.08,307.88,39120.82,619762.66,809114.14,1262941.62,1125813.27,0.04,0.04,0.04,0.04,0.07,0.14
2026-10-07T08:30:21+00:00,ADA-EUR,0.2305,0.23052,0.23051,0.87,1431.54,1889.16,317198.65,224841.26,394181.43,294908.81,0.43,0.43,0.46,0.43,0.43,1.05
2026-10-07T08:30:21+00:00,ETH-EUR,2336.61,2336.62,2336.615,0.04,702.41,1972.85,1109156.03,1245158.68,1185387.11,1375097.33,0.02,0.02,0.03,0.02,0.02,0.26
2026-10-07T08:30:21+00:00,SOL-EUR,105.83,105.831,105.8305,0.09,595.25,515.96,379109.79,368696.79,554390.32,549516.26,0.05,0.05,0.85,0.05,0.05,0.33
2026-10-07T08:30:21+00:00,QNT-EUR,227.25,227.381,227.3155,5.76,15.98,823.16,90961.19,75789.83,139983.11,120511.16,2.88,2.88,4.75,2.92,2.92,3.15
2026-10-07T08:30:21+00:00,HYPE-EUR,81.002,81.016,81.009,1.73,1312.78,670.19,307654.33,269492.32,361886.54,389021.41,0.86,0.86,1.38,0.86,0.86,0.95
2026-10-07T08:30:21+00:00,NEAR-EUR,4.6321,4.6343,4.6332,4.75,702.27,133.82,78456.25,149887.4,138039.4,181569.45,2.37,2.53,3.13,2.37,2.37,4.62
2026-10-07T08:30:21+00:00,TAO-EUR,267.5,267.58,267.54,2.99,222.63,649.1,181197.23,168589.81,222709.04,208415.96,1.5,1.5,2.34,1.5,2.74,3.75
2026-10-07T08:30:21+00:00,SUI-EUR,1.01672,1.01693,1.016825,2.07,11.94,199.68,206312.55,147146.1,248739.16,193841.4,1.03,1.21,2.11,1.12,1.61,2.16
2026-10-07T08:30:21+00:00,AVAX-EUR,10.0304,10.0341,10.03225,3.69,167.17,374.91,186764.43,128987.67,213793.89,171069.57,1.84,1.87,2.9,1.84,1.97,2.53
2026-10-07T08:30:21+00:00,RLC-EUR,0.68168,0.68368,0.68268,29.3,100.0,753.57,21555.45,13477.45,33061.33,28096.26,14.65,14.65,14.74,14.65,14.77,15.69
2026-10-07T08:30:21+00:00,FET-EUR,0.2082,0.20831,0.208255,5.28,27378.25,12.24,53923.69,29269.17,78689.27,34575.18,3.06,9.45,14.99,2.64,2.64,2.64
2026-10-07T08:30:21+00:00,PUMP-EUR,0.0058942,0.0058955,0.00589485,2.21,446.08,133.99,66313.59,70077.7,83457.74,81565.74,1.1,1.23,2.38,1.1,1.4,3.36
2026-10-07T08:30:21+00:00,ZEUS-EUR,0.0064931,0.0065239,0.0065085,47.32,182.32,7156.85,271.13,7240.05,385.12,7240.05,23.66,23.66,23.66,23.66,63.24,139.86
2026-10-07T08:30:21+00:00,ORCA-EUR,2.54852,2.55631,2.552415,30.52,100.0,1530.0,6715.85,4392.12,18469.39,13924.17,15.26,15.26,15.45,15.26,15.31,15.86
2026-10-07T08:30:21+00:00,LINK-EUR,12.2382,12.2441,12.24115,4.82,100.0,37.25,143879.04,155804.83,198753.45,180907.81,2.46,2.82,4.19,2.41,2.51,3.23
2026-10-07T08:30:21+00:00,WLD-EUR,0.46958,0.46969,0.469635,2.34,446.71,56.62,131371.33,91240.52,179497.19,114480.37,3.48,5.99,9.23,1.17,1.26,1.97
2026-10-07T08:30:21+00:00,ENA-EUR,0.21278,0.21288,0.21283,4.7,299.0,446.77,54275.24,51627.17,69328.57,60261.28,2.35,2.5,3.44,2.35,2.54,4.25
2026-10-07T08:30:21+00:00,HBAR-EUR,0.085262,0.085304,0.085283,4.92,48.73,643.47,100170.42,79705.14,156820.52,114550.18,2.46,2.46,3.05,2.52,2.6,3.36
2026-10-07T08:30:21+00:00,NMR-EUR,15.0782,15.1571,15.11765,52.19,48.06,1684.07,4839.49,3944.78,19955.11,9337.47,26.1,26.1,26.67,26.13,26.2,39.08
2026-10-07T08:30:21+00:00,ONDO-EUR,0.42021,0.42056,0.420385,8.33,400.99,379.49,87423.03,44277.91,122938.52,62807.64,4.16,5.09,8.32,4.16,4.49,5.49
2026-10-07T08:30:21+00:00,RENDER-EUR,1.8697,1.8712,1.87045,8.02,349.02,233.65,36214.27,25530.87,63091.67,28293.34,4.01,5.72,7.19,4.01,4.17,7.97
2026-10-07T08:30:21+00:00,CAP-EUR,0.0778744,0.0781108,0.0779926,30.31,24.22,24.29,13996.49,18508.33,36543.41,24379.35,15.16,15.17,15.17,15.17,15.17,15.17
2026-10-07T08:30:21+00:00,DOGE-EUR,0.081198,0.081214,0.081206,1.97,1000.0,999.36,150334.34,121369.27,175166.62,152423.75,0.99,0.99,2.36,0.99,0.99,1.77
2026-10-07T08:30:21+00:00,XLM-EUR,0.18371,0.18374,0.183725,1.63,879.03,891.82,103517.34,101423.01,151030.13,119720.72,0.82,0.82,2.21,0.82,0.82,1.12
2026-10-07T08:30:21+00:00,INJ-EUR,6.7093,6.7161,6.7127,10.13,149.01,3160.0,29643.36,26626.65,51787.4,29243.54,5.07,5.07,5.07,5.07,5.59,6.01
2026-10-07T08:30:21+00:00,PEPE-EUR,3.6924e-06,3.6954e-06,3.6939e-06,8.12,5.25,893.26,85631.42,66814.39,98499.1,69860.36,4.06,4.06,4.29,4.57,5.43,5.75
2026-10-07T08:30:21+00:00,UNI-EUR,7.2886,7.2932,7.2909,6.31,3600.0,535.8,52835.84,50503.62,71785.91,70534.03,3.15,3.15,4.58,3.15,3.15,3.15
2026-10-07T08:30:21+00:00,ZRO-EUR,2.0022,2.0047,2.00345,12.48,559.95,12.37,22882.3,21986.81,39463.22,75473.61,6.68,6.73,6.74,6.24,6.24,7.84
2026-10-07T08:30:21+00:00,PNT-EUR,0.042607,0.042884,0.0427455,64.8,603.43,71.37,660.7,71.37,2171.97,218.94,49.21,110.18,132.66,32.4,32.4,61.13
2026-10-07T08:30:21+00:00,DOT-EUR,1.01,1.0108,1.0104,7.92,1000.0,17.91,69452.33,33179.51,97441.68,48454.07,10.79,13.61,15.22,3.96,3.96,7.03
2026-10-07T08:30:21+00:00,USELESS-EUR,0.191378,0.191754,0.191566,19.63,149.0,162.61,21986.77,19046.47,47819.11,28434.32,9.81,9.89,12.36,9.81,10.2,16.16
2026-10-07T08:30:21+00:00,TRB-EUR,18.253,18.279,18.266,14.23,199.04,536.9,15020.83,8050.27,31494.81,17504.82,7.12,7.12,9.92,7.12,8.71,11.24
2026-10-07T08:30:21+00:00,MOVR-EUR,1.6914,1.6944,1.6929,17.72,721.14,12.27,18740.14,16748.59,33169.87,22724.32,9.38,9.57,10.12,8.86,8.86,14.46
2026-10-07T08:30:21+00:00,PARTI-EUR,0.031384,0.031443,0.0314135,18.78,24.41,345.84,15015.36,12088.44,35506.99,16952.43,9.39,9.49,13.23,9.63,10.36,11.78
2026-10-07T08:30:21+00:00,LTC-EUR,60.377,60.396,60.3865,3.15,100.0,91.98,111343.62,79027.83,159919.13,101849.03,1.84,4.82,6.51,1.57,1.71,2.16
2026-10-07T08:30:21+00:00,PROM-EUR,4.8789,4.8841,4.8815,10.65,148.87,48.97,13886.01,11087.48,33014.96,18305.83,7.55,15.71,21.97,5.33,5.47,5.7
2026-10-07T08:30:21+00:00,ICP-EUR,2.8725,2.876,2.87425,12.18,199.01,357.25,38001.92,33157.14,60903.14,46092.33,6.09,6.19,8.86,6.09,6.3,6.4
2026-10-07T08:30:21+00:00,PENGU-EUR,0.0078678,0.0078721,0.00786995,5.46,824.64,111.69,26074.77,33117.76,44691.2,38351.59,2.73,3.64,4.47,2.73,2.73,2.81
2026-10-07T08:30:21+00:00,RAY-EUR,1.96614,1.96793,1.967035,9.1,250.12,1401.78,20768.58,28906.51,47418.54,32824.73,4.55,4.55,5.72,4.55,5.3,8.55
2026-10-07T08:30:21+00:00,SPX-EUR,0.36168,0.36201,0.361845,9.12,420.45,24.65,34714.05,36833.13,47943.46,39427.44,4.77,5.45,6.62,4.56,5.44,9.42
2026-10-07T08:30:21+00:00,LPT-EUR,1.5291,1.533,1.53105,25.47,140.63,250.0,6919.55,1886.49,17788.22,4451.15,12.74,17.66,28.84,12.74,17.45,22.24
2026-10-07T08:30:21+00:00,JUP-EUR,0.29436,0.29476,0.29456,13.58,100.0,198.98,40671.76,29773.38,64086.45,46630.41,6.79,7.4,7.71,6.79,7.47,8.06
2026-10-07T08:30:21+00:00,ARB-EUR,0.16743,0.16763,0.16753,11.94,199.05,628.35,45227.41,35557.4,54834.72,43844.54,5.97,5.97,9.02,5.97,6.33,6.51
2026-10-07T08:35:21+00:00,BTC-EUR,75121.0,75122.0,75121.5,0.13,13363.64,7002.34,1997869.06,2252772.9,2332437.95,2337098.97,0.07,0.07,0.07,0.07,0.07,0.07
2026-10-07T08:35:21+00:00,XRP-EUR,1.31104,1.31105,1.311045,0.08,333.67,12.22,773928.31,545455.71,1359839.87,995891.51,0.11,0.11,0.11,0.04,0.17,0.37
2026-10-07T08:35:21+00:00,ADA-EUR,0.23148,0.23166,0.23157,7.77,49.97,446.65,286642.37,218959.79,324359.36,271806.15,3.89,3.98,4.56,4.1,4.28,4.71
2026-10-07T08:35:21+00:00,ETH-EUR,2337.83,2337.84,2337.835,0.04,8341.03,2979.98,986199.46,1193693.07,1234038.95,1455760.58,0.02,0.02,0.02,0.02,0.02,0.02
2026-10-07T08:35:21+00:00,SOL-EUR,105.987,105.988,105.9875,0.09,332.75,2661.0,366865.42,353214.95,508157.8,584694.85,0.05,0.05,0.05,0.05,0.24,1.09
2026-10-07T08:35:21+00:00,QNT-EUR,228.308,228.501,228.4045,8.45,16.21,16.21,72824.7,82593.32,120945.75,129108.55,4.26,4.27,5.7,4.26,4.27,4.35
2026-10-07T08:35:21+00:00,HYPE-EUR,81.185,81.205,81.195,2.46,55.63,468.41,236266.67,273189.2,289633.27,377256.01,1.23,1.25,1.87,1.29,1.34,1.47
2026-10-07T08:35:21+00:00,NEAR-EUR,4.6592,4.6611,4.66015,4.08,206.51,7605.52,72686.08,104131.64,110086.49,149654.19,2.04,2.04,2.04,2.04,4.88,7.03
2026-10-07T08:35:21+00:00,TAO-EUR,269.08,269.19,269.135,4.09,210.54,219.26,155865.53,188308.83,184659.84,279903.35,2.04,2.67,4.02,2.04,2.47,3.07
2026-10-07T08:35:21+00:00,SUI-EUR,1.02064,1.0209,1.02077,2.55,928.14,292.38,165025.95,174417.36,228474.72,235258.58,1.27,1.61,2.73,1.27,1.27,1.33
2026-10-07T08:35:21+00:00,AVAX-EUR,10.1016,10.1043,10.10295,2.67,100.0,268.07,127118.77,130178.88,183910.59,178705.14,1.34,1.38,3.0,1.34,1.44,2.29
2026-10-07T08:35:21+00:00,RLC-EUR,0.68929,0.69159,0.69044,33.31,100.0,753.57,15613.99,10409.34,29706.86,25068.33,16.66,16.66,16.75,16.66,16.77,18.94
2026-10-07T08:35:21+00:00,FET-EUR,0.20887,0.20924,0.209055,17.7,413.65,12.14,76157.83,25042.89,108321.28,30042.89,9.27,12.5,15.14,8.85,10.17,14.92
2026-10-07T08:35:21+00:00,PUMP-EUR,0.0058975,0.0059006,0.00589905,5.26,133.91,1340.44,58092.61,69096.56,78973.19,79346.7,2.63,2.63,3.15,2.63,2.75,2.93
2026-10-07T08:35:21+00:00,ZEUS-EUR,0.00666,0.0067285,0.00669425,102.33,223.66,362.95,0.0,0.0,1981.72,1201.35,51.16,51.2,81.2,51.16,51.33,69.34
2026-10-07T08:35:21+00:00,ORCA-EUR,2.57596,2.5829,2.57943,26.91,46.26,251.5,5509.33,7587.9,12226.53,17351.93,13.45,13.53,16.02,13.47,14.36,17.02
2026-10-07T08:35:21+00:00,LINK-EUR,12.266,12.2704,12.2682,3.59,100.0,1296.4,148676.41,153702.62,208387.74,203823.29,1.79,1.79,1.94,1.79,1.86,3.33
2026-10-07T08:35:21+00:00,WLD-EUR,0.4712,0.47132,0.47126,2.55,17.96,80.6,159165.35,89049.61,216692.15,120606.76,2.22,5.77,10.87,1.45,1.48,1.48
2026-10-07T08:35:21+00:00,ENA-EUR,0.21344,0.21357,0.213505,6.09,100.0,1703.88,53014.74,51893.65,75497.65,63951.27,3.04,3.04,3.11,3.04,3.42,4.12
2026-10-07T08:35:21+00:00,HBAR-EUR,0.085475,0.085509,0.085492,3.98,233.04,48.84,93839.24,74345.98,150888.6,114587.48,2.05,2.81,3.55,1.99,2.68,3.54
2026-10-07T08:35:21+00:00,NMR-EUR,14.9721,15.0844,15.02825,74.73,117.98,358.7,11652.66,2478.29,24028.82,7658.58,37.36,37.38,39.12,37.36,37.41,37.43
2026-10-07T08:35:21+00:00,ONDO-EUR,0.42264,0.42282,0.42273,4.26,419.77,406.04,76316.99,25179.04,111397.39,48857.58,2.13,3.06,6.09,2.13,2.62,4.56
2026-10-07T08:35:21+00:00,RENDER-EUR,1.8851,1.8866,1.88585,7.95,449.0,226.43,27506.07,21784.99,32895.13,25345.6,3.98,7.17,9.15,3.98,4.09,8.5
2026-10-07T08:35:21+00:00,CAP-EUR,0.0789692,0.0793132,0.0791412,43.47,24.1,221.5,6372.5,8602.74,24433.84,15051.72,21.73,24.25,26.24,21.74,21.75,28.2
2026-10-07T08:35:21+00:00,DOGE-EUR,0.081358,0.08137,0.081364,1.47,152.88,191.27,109350.27,106533.51,154483.1,137781.38,0.74,0.81,1.17,0.74,1.25,1.51
2026-10-07T08:35:21+00:00,XLM-EUR,0.18391,0.18392,0.183915,0.54,1875.87,1280.45,108846.85,99611.92,155562.43,119104.55,0.27,0.27,1.86,0.27,0.27,0.42
2026-10-07T08:35:21+00:00,INJ-EUR,6.7512,6.7587,6.75495,11.1,466.05,100.0,32400.72,28974.54,53746.15,31651.77,5.55,6.93,7.9,5.55,5.56,6.08
2026-10-07T08:35:21+00:00,PEPE-EUR,3.7031e-06,3.7049e-06,3.704e-06,4.86,893.19,600.81,81038.51,67578.2,96422.37,70624.44,2.43,2.43,4.09,2.43,2.43,4.05
2026-10-07T08:35:21+00:00,UNI-EUR,7.2972,7.3023,7.29975,6.99,535.97,752.44,48809.08,46993.46,66692.16,63882.83,3.49,3.49,4.01,3.49,3.49,5.02
2026-10-07T08:35:21+00:00,ZRO-EUR,2.0136,2.0161,2.01485,12.41,563.09,2858.83,18546.44,68435.77,31887.23,76686.17,6.2,6.2,6.2,6.2,6.2,11.65
2026-10-07T08:35:21+00:00,PNT-EUR,0.042521,0.042779,0.04265,60.49,68.03,11.38,68.03,68.94,139.23,233.05,38.02,101.71,143.81,38.28,93.66,146.76
2026-10-07T08:35:21+00:00,DOT-EUR,1.0143,1.0154,1.01485,10.84,6370.2,18.37,53055.72,40349.68,100932.73,58263.3,6.22,6.76,8.96,5.42,5.42,5.42
2026-10-07T08:35:21+00:00,USELESS-EUR,0.192286,0.192515,0.1924005,11.9,398.99,163.26,13885.42,14045.55,50303.67,27536.92,5.95,6.76,13.88,5.95,6.26,15.36
2026-10-07T08:35:21+00:00,TRB-EUR,18.261,18.278,18.2695,9.31,100.0,138.91,13532.55,6319.46,28529.39,16245.68,4.65,6.41,9.05,4.65,7.07,12.85
2026-10-07T08:35:21+00:00,MOVR-EUR,1.699,1.7026,1.7008,21.17,717.98,2099.74,17122.2,16569.26,31756.26,22526.4,10.58,10.58,10.58,10.58,10.58,16.73
2026-10-07T08:35:21+00:00,PARTI-EUR,0.031304,0.031359,0.0313315,17.55,24.35,24.24,14322.86,8489.15,30444.47,16793.85,9.02,9.16,18.56,9.02,9.08,9.09
2026-10-07T08:35:21+00:00,PROM-EUR,4.8899,4.9,4.89495,20.63,48.42,47.68,13048.19,11670.23,27473.81,15861.6,10.42,11.84,16.83,10.42,10.5,10.98
2026-10-07T08:35:21+00:00,LTC-EUR,60.439,60.452,60.4455,2.15,100.0,82.61,99752.94,70380.63,151801.25,93691.42,1.33,4.43,7.96,1.08,1.21,1.43
2026-10-07T08:35:21+00:00,PENGU-EUR,0.0078961,0.0079018,0.00789895,7.22,872.07,872.7,25885.94,31427.06,43425.04,48620.29,3.61,3.61,3.71,3.61,3.61,4.52
2026-10-07T08:35:21+00:00,ICP-EUR,2.8825,2.8851,2.8838,9.02,5720.64,1118.87,31810.97,29900.16,47967.19,42880.94,4.51,4.51,6.62,4.51,4.51,4.51
2026-10-07T08:35:21+00:00,RAY-EUR,1.96526,1.96712,1.96619,9.46,49.0,431.39,23993.02,22718.54,46224.48,36750.32,4.73,4.74,6.97,4.83,5.31,6.0
2026-10-07T08:35:21+00:00,SPX-EUR,0.36349,0.36389,0.36369,11.0,72.83,124.48,30409.92,33152.85,43231.7,35747.3,5.5,5.71,7.98,5.57,5.73,7.32
2026-10-07T08:35:21+00:00,LPT-EUR,1.5346,1.5373,1.53595,17.58,140.63,47.66,5774.95,1934.68,18786.06,4726.92,9.13,15.24,23.53,8.79,15.89,21.4
2026-10-07T08:35:21+00:00,JUP-EUR,0.29585,0.29641,0.29613,18.91,100.0,3343.53,37091.42,34650.43,57495.01,45139.48,9.46,9.46,9.46,9.46,10.27,11.16
2026-10-07T08:35:21+00:00,ARB-EUR,0.16812,0.16824,0.16818,7.14,5360.91,12.85,39231.51,32024.73,57963.42,38575.52,4.09,4.71,11.37,3.57,3.57,3.57
2026-10-07T08:40:21+00:00,BTC-EUR,75052.0,75053.0,75052.5,0.13,119.98,18790.67,2196569.94,1956909.48,2842389.15,2221544.11,0.07,0.07,0.07,0.07,0.17,0.19
2026-10-07T08:40:21+00:00,XRP-EUR,1.30926,1.30936,1.30931,0.76,549.57,1324.53,639885.56,794178.47,1311492.89,1136565.69,0.38,0.38,0.41,0.38,0.38,0.5
2026-10-07T08:40:21+00:00,ADA-EUR,0.23062,0.23066,0.23064,1.73,230.62,449.77,272877.84,214187.33,346768.96,282118.96,0.87,0.91,2.63,0.87,1.1,1.4
2026-10-07T08:40:21+00:00,ETH-EUR,2335.0,2335.01,2335.005,0.04,2399.0,7718.02,1122998.11,1129553.66,1178756.89,1163936.51,0.02,0.02,0.02,0.02,0.02,0.02
2026-10-07T08:40:21+00:00,SOL-EUR,105.735,105.736,105.7355,0.09,64.29,807.49,379181.15,341713.67,552641.65,521705.35,0.05,0.05,0.47,0.15,0.29,1.18
2026-10-07T08:40:21+00:00,QNT-EUR,228.042,228.231,228.1365,8.28,16.07,498.99,66448.87,79810.16,128028.01,149073.56,4.14,4.14,4.36,4.18,4.18,4.28
2026-10-07T08:40:21+00:00,HYPE-EUR,81.148,81.161,81.1545,1.6,1335.21,2239.6,296711.51,297334.86,350058.19,383779.63,0.8,0.8,0.8,0.8,0.8,0.99
2026-10-07T08:40:21+00:00,NEAR-EUR,4.6388,4.6415,4.64015,5.82,234.08,145.93,66720.12,81252.0,112598.77,115407.7,2.91,3.06,3.85,2.91,3.25,5.39
2026-10-07T08:40:21+00:00,TAO-EUR,269.08,269.18,269.13,3.72,1383.88,213.64,180256.81,168359.0,209165.01,262508.54,1.86,2.28,3.1,1.86,1.86,1.97
2026-10-07T08:40:21+00:00,SUI-EUR,1.01773,1.01779,1.01776,0.59,143.75,222.75,213829.03,137333.09,243972.22,234134.46,0.29,0.73,1.71,0.29,1.0,1.36
2026-10-07T08:40:21+00:00,AVAX-EUR,10.0657,10.0685,10.0671,2.78,267.97,305.26,161339.64,129413.36,202233.33,158221.06,1.39,1.43,2.78,1.39,1.44,2.56
2026-10-07T08:40:21+00:00,RLC-EUR,0.68418,0.68654,0.68536,34.43,100.0,753.57,14042.64,13392.3,32109.0,26515.25,17.22,17.22,17.31,17.22,17.33,17.65
2026-10-07T08:40:21+00:00,FET-EUR,0.20901,0.20912,0.209065,5.26,12.21,250.0,38502.98,4998.09,54947.92,13669.83,2.63,8.12,13.24,3.05,3.1,3.11
2026-10-07T08:40:21+00:00,PUMP-EUR,0.0058939,0.0058958,0.00589485,3.22,1266.59,402.2,62543.2,73136.07,78055.92,83704.88,1.61,2.11,3.64,1.61,1.61,1.96
2026-10-07T08:40:21+00:00,ZEUS-EUR,0.0066056,0.0066496,0.0066276,66.39,61.41,71.21,514.91,3552.56,4343.66,3552.56,33.24,33.4,39.72,33.25,35.65,72.03
2026-10-07T08:40:21+00:00,ORCA-EUR,2.57776,2.58586,2.58181,31.37,100.0,184.61,15339.37,10553.78,26783.06,21251.69,15.69,16.38,18.56,15.69,15.78,16.23
2026-10-07T08:40:21+00:00,LINK-EUR,12.2445,12.2489,12.2467,3.59,100.0,688.63,139731.95,130615.57,192755.72,155718.56,1.8,1.8,3.47,1.8,1.86,2.18
2026-10-07T08:40:21+00:00,WLD-EUR,0.46877,0.46897,0.46887,4.27,3477.63,69.89,145095.5,97417.03,198616.74,120635.66,3.29,7.31,9.15,2.13,2.13,2.13
2026-10-07T08:40:21+00:00,ENA-EUR,0.21296,0.21311,0.213035,7.04,1130.81,9183.46,66745.79,65004.99,85375.23,85161.62,3.52,3.52,3.52,3.52,3.52,4.69
2026-10-07T08:40:21+00:00,HBAR-EUR,0.085307,0.085354,0.0853305,5.51,923.23,149.11,93779.53,79506.31,156407.22,107132.73,2.75,2.84,3.36,2.75,2.75,3.07
2026-10-07T08:40:21+00:00,NMR-EUR,14.9824,15.0477,15.01505,43.49,111.63,357.05,10466.04,8367.93,20739.75,16656.8,21.74,21.76,23.52,21.74,21.8,21.81
2026-10-07T08:40:21+00:00,ONDO-EUR,0.42119,0.42162,0.421405,10.2,398.08,382.68,74707.29,23963.84,95726.07,29928.48,5.1,5.16,6.35,5.1,5.83,7.95
2026-10-07T08:40:21+00:00,RENDER-EUR,1.8911,1.8925,1.8918,7.4,34.94,213.17,35897.29,22367.79,42045.47,27527.18,3.7,4.0,5.2,4.04,4.58,5.27
2026-10-07T08:40:21+00:00,CAP-EUR,0.0794975,0.0797568,0.07962715,32.56,24.42,1851.02,6425.93,18939.54,21087.87,24927.1,16.28,16.28,16.28,16.29,16.29,19.92
2026-10-07T08:40:21+00:00,DOGE-EUR,0.081194,0.081208,0.081201,1.72,267.96,185.76,129699.66,109985.1,157900.02,140960.44,0.86,0.94,1.3,0.86,0.96,1.45
2026-10-07T08:40:21+00:00,XLM-EUR,0.18368,0.18371,0.183695,1.63,894.09,852.31,110668.09,93168.8,155062.24,111466.5,0.82,0.82,1.97,0.82,0.82,1.23
2026-10-07T08:40:21+00:00,INJ-EUR,6.7155,6.7242,6.71985,12.95,369.25,100.0,29348.94,24166.86,46580.13,26783.65,6.47,6.64,6.74,6.47,6.51,7.04
2026-10-07T08:40:21+00:00,PEPE-EUR,3.6942e-06,3.6965e-06,3.6954e-06,6.22,892.79,892.79,60460.73,52604.76,73203.98,55650.65,3.11,3.11,4.06,3.11,3.11,3.26
2026-10-07T08:40:21+00:00,UNI-EUR,7.2893,7.2934,7.29135,5.62,751.1,40.88,51977.71,45456.54,77533.7,62252.64,2.89,2.94,4.52,2.81,2.81,2.93
2026-10-07T08:40:21+00:00,ZRO-EUR,2.0068,2.01,2.0084,15.93,548.98,11.95,20629.18,18657.51,33864.82,74351.44,8.4,8.45,8.76,7.97,7.97,9.26
2026-10-07T08:40:21+00:00,PNT-EUR,0.042569,0.042969,0.042769,93.53,89.1,43.0,779.87,43.0,949.72,112.94,69.12,112.11,126.63,46.79,46.95,102.84
2026-10-07T08:40:21+00:00,DOT-EUR,1.011,1.0124,1.0117,13.84,6366.57,1000.0,65445.75,46133.1,130008.11,61407.6,6.92,6.92,7.41,6.92,6.92,6.92
2026-10-07T08:40:21+00:00,USELESS-EUR,0.19208,0.192379,0.1922295,15.55,149.0,163.14,23615.58,16594.15,52191.82,32986.45,7.78,10.14,17.74,7.78,8.18,10.5
2026-10-07T08:40:21+00:00,TRB-EUR,18.146,18.175,18.1605,15.97,100.0,1874.33,13933.54,11899.65,35919.53,21020.23,7.98,7.98,8.02,7.98,9.91,12.78
2026-10-07T08:40:21+00:00,MOVR-EUR,1.6974,1.7017,1.69955,25.3,662.73,12.01,18754.14,14765.3,37443.41,19157.54,13.17,13.36,14.43,12.65,12.65,16.27
2026-10-07T08:40:21+00:00,PARTI-EUR,0.031033,0.031126,0.0310795,29.92,341.33,342.35,14799.31,12670.67,23404.08,19024.1,14.96,15.06,17.79,14.96,15.06,15.23
2026-10-07T08:40:21+00:00,PROM-EUR,4.8539,4.8631,4.8585,18.94,48.04,248.72,6999.45,11558.7,13895.64,16060.31,9.47,11.47,18.75,9.57,9.65,11.47
2026-10-07T08:40:21+00:00,LTC-EUR,60.287,60.307,60.297,3.32,776.49,94.05,106653.75,69598.9,157975.71,96142.78,1.67,2.02,5.72,1.66,1.66,2.15
2026-10-07T08:40:21+00:00,ICP-EUR,2.8775,2.8792,2.87835,5.91,310.83,1116.58,31798.22,33857.87,54790.62,44296.02,2.95,2.95,6.76,2.95,3.08,3.25
2026-10-07T08:40:21+00:00,PENGU-EUR,0.0078816,0.0078874,0.0078845,7.36,872.59,862.49,31539.36,34411.67,48557.34,51588.09,3.68,3.68,3.75,3.68,3.68,3.76
2026-10-07T08:40:21+00:00,RAY-EUR,1.96004,1.96248,1.96126,12.44,249.35,520.65,21773.78,21744.17,42880.3,27054.32,6.22,6.22,7.45,6.22,6.5,8.26
2026-10-07T08:40:21+00:00,SPX-EUR,0.36289,0.36314,0.363015,6.89,525.07,123.76,42677.99,36633.94,51000.22,39228.11,3.44,3.65,5.65,3.44,3.44,7.12
2026-10-07T08:40:21+00:00,LPT-EUR,1.534,1.5394,1.5367,35.14,249.99,297.72,8000.05,1797.72,19994.6,4580.0,17.57,26.25,38.29,17.57,19.33,21.43
2026-10-07T08:40:21+00:00,JUP-EUR,0.29545,0.29572,0.295585,9.13,199.02,3600.0,38476.15,35362.64,54956.13,45320.17,4.57,4.57,4.57,4.57,5.18,7.44
2026-10-07T08:40:21+00:00,ARB-EUR,0.16778,0.16792,0.16785,8.34,199.05,223.45,43675.39,33204.7,65513.33,39755.12,4.17,4.83,7.53,4.17,5.73,7.24
2026-10-07T08:45:21+00:00,BTC-EUR,74989.0,74990.0,74989.5,0.13,1197.91,13192.72,2178685.4,2137938.56,2842212.27,2398823.79,0.07,0.07,0.07,0.07,0.07,0.12
2026-10-07T08:45:21+00:00,XRP-EUR,1.30783,1.30784,1.307835,0.08,3248.31,2174.63,643594.99,898474.0,1199858.66,1262506.54,0.04,0.04,0.04,0.04,0.04,0.04
2026-10-07T08:45:21+00:00,ADA-EUR,0.2305,0.23054,0.23052,1.74,1362.42,456.11,300295.16,181104.35,374883.15,269708.99,0.87,0.91,1.44,0.87,0.87,1.44
2026-10-07T08:45:21+00:00,ETH-EUR,2332.14,2332.21,2332.175,0.3,1107.54,1319.69,1159329.1,934514.56,1394397.47,1167170.45,0.15,0.15,0.39,0.15,0.15,0.2
2026-10-07T08:45:21+00:00,SOL-EUR,105.746,105.747,105.7465,0.09,10.47,1185.72,339817.74,391183.23,512431.46,574675.98,0.05,0.05,0.47,0.72,0.79,1.44
2026-10-07T08:45:21+00:00,QNT-EUR,226.871,227.063,226.967,8.46,15.75,16.15,87107.42,82512.8,149347.7,110035.31,4.27,4.36,4.39,4.27,4.27,4.29
2026-10-07T08:45:21+00:00,HYPE-EUR,81.048,81.064,81.056,1.97,1340.42,1255.54,278770.44,302592.75,350418.1,339034.29,0.99,0.99,1.35,0.99,0.99,1.23
2026-10-07T08:45:21+00:00,NEAR-EUR,4.6405,4.6433,4.6419,6.03,700.27,11.95,81091.08,96339.79,152738.13,132548.62,3.21,3.84,4.43,3.02,3.02,4.01
2026-10-07T08:45:21+00:00,TAO-EUR,269.16,269.26,269.21,3.71,11.97,91.94,193181.97,183978.49,219362.26,230660.52,1.89,2.16,2.21,2.18,2.62,3.68
2026-10-07T08:45:21+00:00,SUI-EUR,1.01748,1.01776,1.01762,2.75,11.99,80.32,209636.46,132057.62,246411.25,225425.58,1.6,2.39,2.7,1.46,1.55,1.65
2026-10-07T08:45:21+00:00,AVAX-EUR,10.065,10.069,10.067,3.97,535.7,535.91,139160.26,141770.77,209920.82,170648.15,1.99,1.99,3.61,1.99,1.99,2.55
2026-10-07T08:45:21+00:00,RLC-EUR,0.68863,0.69054,0.689585,27.7,100.0,1530.0,18887.61,11160.97,31507.19,23440.23,13.85,13.85,14.51,13.85,14.08,19.14
2026-10-07T08:45:21+00:00,FET-EUR,0.2091,0.20941,0.209255,14.81,524.8,1750.0,31612.56,25333.04,70259.16,30640.15,7.41,7.41,8.11,7.41,7.41,13.31
2026-10-07T08:45:21+00:00,PUMP-EUR,0.0058779,0.0058801,0.005879,3.74,374.9,1192.19,65686.74,76525.66,84616.72,85641.86,1.87,1.87,2.51,1.87,1.91,3.2
2026-10-07T08:45:21+00:00,ZEUS-EUR,0.0069806,0.007,0.0069903,27.75,89.69,1400.0,855.84,1400.0,1224.83,1400.0,13.88,13.88,63.94,13.89,13.99,75.2
2026-10-07T08:45:21+00:00,ORCA-EUR,2.62085,2.6226,2.621725,6.67,1530.0,1780.25,7358.6,7090.56,24119.44,18295.4,3.34,3.34,6.41,3.34,3.34,3.73
2026-10-07T08:45:21+00:00,WLD-EUR,0.46816,0.46853,0.468345,7.9,12840.4,707.16,147365.75,103807.47,181945.07,126976.59,3.95,3.95,4.09,3.95,3.95,3.95
2026-10-07T08:45:21+00:00,LINK-EUR,12.2401,12.244,12.24205,3.19,100.0,700.25,129262.89,143347.23,186553.18,168504.61,1.59,1.59,2.71,1.59,1.66,3.15
2026-10-07T08:45:21+00:00,ENA-EUR,0.21265,0.21279,0.21272,6.58,100.0,1029.98,56749.7,58131.75,80411.53,68690.65,3.29,3.29,3.64,3.29,3.83,4.83
2026-10-07T08:45:21+00:00,HBAR-EUR,0.085315,0.085351,0.085333,4.22,46.72,100.0,99737.3,78685.57,162794.95,107950.07,2.11,2.33,2.98,2.61,2.97,4.11
2026-10-07T08:45:21+00:00,NMR-EUR,14.9429,15.0081,14.9755,43.54,110.88,356.34,2615.95,8286.61,15765.41,13598.91,21.77,21.79,23.46,21.77,22.22,28.9
2026-10-07T08:45:21+00:00,ONDO-EUR,0.42036,0.42079,0.420575,10.22,384.47,348.98,82610.39,35312.59,111527.74,40312.59,5.11,5.4,6.78,5.11,5.17,6.62
2026-10-07T08:45:21+00:00,RENDER-EUR,1.885,1.8872,1.8861,11.66,349.06,1713.77,24974.29,22598.97,39439.98,26910.44,5.83,5.83,5.99,5.83,6.44,10.6
2026-10-07T08:45:21+00:00,CAP-EUR,0.0781596,0.0784928,0.0783262,42.54,49.25,248.23,7910.47,7744.49,24113.01,16742.36,21.27,25.27,30.78,21.28,21.6,21.97
2026-10-07T08:45:21+00:00,DOGE-EUR,0.08113,0.08115,0.08114,2.46,1013.37,267.92,135781.61,116475.28,166813.44,147156.78,1.23,1.31,1.69,1.23,1.23,1.34
2026-10-07T08:45:21+00:00,XLM-EUR,0.18351,0.18356,0.183535,2.72,940.18,917.8,111350.92,114299.69,155746.66,133792.74,1.36,1.36,2.44,1.36,1.36,2.23
2026-10-07T08:45:21+00:00,INJ-EUR,6.7269,6.7354,6.73115,12.63,149.01,100.0,30661.55,28500.2,53059.58,31117.02,6.31,6.73,6.98,6.31,6.73,6.86
2026-10-07T08:45:21+00:00,PEPE-EUR,3.691e-06,3.6929e-06,3.6919e-06,5.15,1785.11,893.13,107737.76,66970.21,120605.05,70800.26,2.57,2.57,2.8,2.57,2.57,2.85
2026-10-07T08:45:21+00:00,UNI-EUR,7.2785,7.2831,7.2808,6.32,203.47,475.51,54036.43,42692.19,80031.89,54787.58,3.16,3.17,4.16,3.16,3.89,4.34
2026-10-07T08:45:21+00:00,ZRO-EUR,1.9993,2.0025,2.0009,15.99,559.02,746.46,19413.36,20657.36,33568.67,84787.36,8.0,8.0,9.56,8.0,8.0,9.6
2026-10-07T08:45:21+00:00,PNT-EUR,0.042562,0.042884,0.042723,75.37,6.38,60.45,6.38,60.45,251.56,173.39,45.54,108.35,130.29,67.71,104.14,168.36
2026-10-07T08:45:21+00:00,DOT-EUR,1.0111,1.0121,1.0116,9.89,6382.3,18.55,59251.66,35397.46,104274.45,51297.1,10.58,11.61,12.43,4.94,4.94,4.94
2026-10-07T08:45:21+00:00,USELESS-EUR,0.192258,0.192721,0.1924895,24.05,163.04,163.43,22948.98,17447.11,51189.48,31943.74,12.03,13.05,15.47,12.03,12.14,15.2
2026-10-07T08:45:21+00:00,TRB-EUR,18.268,18.293,18.2805,13.68,100.0,178.92,13989.21,6206.3,18994.28,13755.36,6.84,7.72,9.31,6.84,8.59,12.12
2026-10-07T08:45:21+00:00,MOVR-EUR,1.6924,1.6958,1.6941,20.07,574.67,12.25,17820.09,16743.74,32055.91,20722.79,10.55,10.75,11.1,10.03,10.03,14.56
2026-10-07T08:45:21+00:00,PARTI-EUR,0.031269,0.031368,0.0313185,31.61,250.0,241.25,16117.62,11798.7,34947.23,18176.26,15.81,15.98,16.57,15.81,16.12,16.36
2026-10-07T08:45:21+00:00,PROM-EUR,4.8734,4.8832,4.8783,20.09,1800.0,209.72,12768.3,13642.63,25267.66,16458.8,10.04,10.98,19.8,10.04,10.04,10.5
2026-10-07T08:45:21+00:00,LTC-EUR,60.284,60.298,60.291,2.32,100.0,82.91,104373.1,70726.79,156011.58,98361.31,1.44,2.82,5.65,1.16,1.29,1.75
2026-10-07T08:45:21+00:00,ICP-EUR,2.8787,2.8823,2.8805,12.5,5718.51,448.97,39744.47,30140.2,56727.64,40578.37,6.25,6.28,7.69,6.25,6.25,6.25
2026-10-07T08:45:21+00:00,PENGU-EUR,0.0078698,0.0078779,0.00787385,10.29,871.29,872.18,34576.26,38744.48,64363.47,43978.19,5.14,5.14,5.63,5.14,5.14,5.46
2026-10-07T08:45:21+00:00,RAY-EUR,1.94927,1.95136,1.950315,10.72,180.85,49.0,23185.12,25060.37,49442.59,36202.12,5.46,5.94,6.99,5.36,6.05,10.37
2026-10-07T08:45:21+00:00,SPX-EUR,0.36226,0.36262,0.36244,9.93,381.1,24.05,35446.81,36564.14,50478.33,40039.2,5.25,5.64,7.34,4.97,5.69,7.64
2026-10-07T08:45:21+00:00,JUP-EUR,0.2944,0.29484,0.29462,14.93,875.77,198.98,34859.19,33117.93,59300.65,45670.35,7.47,8.08,8.38,7.47,7.47,9.13
2026-10-07T08:45:21+00:00,LPT-EUR,1.5357,1.5403,1.538,29.91,250.0,201.21,7687.02,1892.71,19682.08,4665.03,14.95,21.42,28.39,14.95,15.42,20.88
2026-10-07T08:45:21+00:00,ARB-EUR,0.16783,0.168,0.167915,10.12,23.05,223.4,46202.37,37307.42,63314.33,44813.6,5.06,5.72,8.5,5.52,5.96,7.37
2026-10-07T08:50:21+00:00,BTC-EUR,75022.0,75023.0,75022.5,0.13,4587.16,16346.04,2217930.9,2043690.57,2886281.58,2305649.2,0.07,0.07,0.07,0.07,0.07,0.07
2026-10-07T08:50:21+00:00,XRP-EUR,1.3081,1.30822,1.30816,0.92,446.43,1339.55,784693.64,736481.49,1298294.35,1248403.38,0.46,0.46,0.48,0.46,0.48,0.64
2026-10-07T08:50:21+00:00,ADA-EUR,0.23023,0.23029,0.23026,2.61,148.19,447.81,351295.37,225279.42,410806.43,275346.89,1.3,1.44,2.31,1.3,1.61,1.86
2026-10-07T08:50:21+00:00,ETH-EUR,2332.73,2332.74,2332.735,0.04,4465.68,3058.03,1132830.3,895954.36,1386833.72,1178657.37,0.02,0.02,0.02,0.02,0.02,0.02
2026-10-07T08:50:21+00:00,SOL-EUR,105.804,105.805,105.8045,0.09,1086.07,882.82,376268.34,415258.7,548714.81,579140.87,0.05,0.05,0.31,0.05,0.05,0.09
2026-10-07T08:50:21+00:00,QNT-EUR,226.969,227.182,227.0755,9.38,16.19,161.29,83871.1,86198.79,144853.6,122729.91,4.69,4.72,5.07,4.73,4.8,5.95
2026-10-07T08:50:21+00:00,HYPE-EUR,81.051,81.062,81.0565,1.36,100.0,1292.91,279179.61,266484.24,350833.45,320785.9,0.68,0.68,0.94,0.68,0.78,1.02
2026-10-07T08:50:21+00:00,NEAR-EUR,4.6238,4.6246,4.6242,1.73,908.44,12.06,75045.43,101961.88,115990.18,129792.21,1.06,1.08,2.86,0.87,0.87,3.1
2026-10-07T08:50:21+00:00,TAO-EUR,268.25,268.32,268.285,2.61,204.6,12.24,188572.6,150776.72,229906.06,256288.76,1.63,2.1,2.51,1.3,2.19,2.93
2026-10-07T08:50:21+00:00,SUI-EUR,1.01706,1.01719,1.017125,1.28,19815.37,182.71,207365.28,144707.83,255758.96,242161.54,0.64,1.01,1.57,0.64,0.64,0.64
2026-10-07T08:50:21+00:00,AVAX-EUR,10.0331,10.0347,10.0339,1.59,635.65,288.86,171490.31,111394.04,215548.26,147893.72,0.8,1.26,3.79,0.8,0.8,1.77
2026-10-07T08:50:21+00:00,RLC-EUR,0.67958,0.68169,0.680635,31.0,430.86,265.98,15873.96,8535.59,22566.53,19826.17,15.5,15.57,15.74,15.5,15.52,15.71
2026-10-07T08:50:21+00:00,FET-EUR,0.2082,0.20826,0.20823,2.88,18120.65,347.1,39883.38,18871.28,50320.74,24029.23,1.44,5.55,12.91,1.44,1.44,1.44
2026-10-07T08:50:21+00:00,PUMP-EUR,0.0058768,0.0058778,0.0058773,1.7,3293.06,476.69,70885.74,77455.57,86048.04,85643.04,0.85,0.87,1.18,0.85,0.85,0.85
2026-10-07T08:50:21+00:00,ZEUS-EUR,0.0072621,0.0073548,0.00730845,126.84,47.63,49.44,0.0,0.0,1453.82,647.83,63.49,64.14,127.35,63.49,63.7,85.03
2026-10-07T08:50:21+00:00,ORCA-EUR,2.59909,2.60843,2.60376,35.87,44.74,496.49,4285.04,10611.92,17438.72,17278.72,17.94,17.94,17.96,17.96,18.0,18.03
2026-10-07T08:50:21+00:00,WLD-EUR,0.46748,0.46768,0.46758,4.28,61.51,1433.14,127817.98,111509.68,161952.2,135144.11,2.14,2.14,2.97,2.22,2.33,2.35
2026-10-07T08:50:21+00:00,LINK-EUR,12.2144,12.2196,12.217,4.26,100.0,1291.03,115549.79,150092.75,168762.69,176101.08,2.13,2.13,2.29,2.13,2.19,3.79
2026-10-07T08:50:21+00:00,ENA-EUR,0.21206,0.21221,0.212135,7.07,100.0,1027.18,64036.26,64081.7,82523.26,78014.21,3.54,3.54,3.76,3.54,3.91,4.52
2026-10-07T08:50:21+00:00,HBAR-EUR,0.08525,0.085291,0.0852705,4.81,47.7,643.37,98289.68,80225.74,156975.05,109490.0,2.4,2.4,2.79,2.47,2.51,2.74
2026-10-07T08:50:21+00:00,NMR-EUR,14.8779,14.9401,14.909,41.72,107.42,250.0,2575.74,8251.78,16208.03,16751.96,20.86,25.02,28.14,20.86,20.99,34.21
2026-10-07T08:50:21+00:00,ONDO-EUR,0.42,0.42001,0.420005,0.24,6.3,406.36,91709.12,36919.33,110235.33,42104.56,0.12,1.19,5.68,2.8,3.28,4.3
2026-10-07T08:50:21+00:00,RENDER-EUR,1.8686,1.8701,1.86935,8.02,100.0,348.94,26722.04,23473.92,40464.19,26796.29,4.01,4.5,6.81,4.01,6.0,10.43
2026-10-07T08:50:21+00:00,CAP-EUR,0.0756292,0.0760555,0.07584235,56.21,982.64,47.92,8453.45,12447.65,23842.46,21307.89,28.11,28.12,28.12,28.1,28.1,29.11
2026-10-07T08:50:21+00:00,DOGE-EUR,0.081062,0.081082,0.081072,2.47,1146.54,14.42,132300.68,122963.77,159816.84,150368.44,1.34,1.35,2.12,1.23,1.23,1.88
2026-10-07T08:50:21+00:00,XLM-EUR,0.18348,0.18353,0.183505,2.72,11.97,917.65,113232.8,114635.96,157628.54,134129.01,1.36,1.36,2.39,1.84,2.46,4.09
2026-10-07T08:50:21+00:00,INJ-EUR,6.7169,6.7259,6.7214,13.39,149.01,100.0,34566.79,26728.97,52023.41,32327.72,6.7,6.86,7.41,6.7,7.11,7.25
2026-10-07T08:50:21+00:00,PEPE-EUR,3.6888e-06,3.6901e-06,3.6894e-06,3.52,5.25,892.7,82233.33,66793.23,95100.67,70623.26,1.76,1.76,2.45,2.79,2.83,3.13
2026-10-07T08:50:21+00:00,UNI-EUR,7.2667,7.2712,7.26895,6.19,535.66,749.23,48053.03,52827.68,74059.93,65745.81,3.1,3.1,3.23,3.1,3.1,4.57
2026-10-07T08:50:21+00:00,ZRO-EUR,1.9953,1.9979,1.9966,13.02,199.04,558.53,21509.87,23935.92,38214.47,29676.71,6.51,6.51,9.9,6.51,7.68,8.62
2026-10-07T08:50:21+00:00,PNT-EUR,0.042198,0.042627,0.0424125,101.15,91.55,2.31,0.0,0.0,257.4,285.23,85.46,106.85,155.52,52.33,90.99,153.14
2026-10-07T08:50:21+00:00,DOT-EUR,1.0091,1.01,1.00955,8.91,6363.68,18.49,52964.88,35823.21,120051.42,51711.65,5.26,5.41,8.28,4.46,4.46,4.46
2026-10-07T08:50:21+00:00,USELESS-EUR,0.191775,0.19217,0.1919725,20.58,149.0,162.96,21162.54,17968.02,49553.82,27229.76,10.29,12.69,19.31,10.29,10.88,13.95
2026-10-07T08:50:21+00:00,TRB-EUR,18.298,18.319,18.3085,11.47,199.01,1084.12,11470.42,15021.13,28073.99,20080.17,5.74,5.74,5.99,5.74,7.16,10.91
2026-10-07T08:50:21+00:00,PARTI-EUR,0.030875,0.031003,0.030939,41.37,1530.0,24.73,5791.3,5435.44,21737.98,13860.03,20.93,21.14,24.39,20.69,20.69,23.45
2026-10-07T08:50:21+00:00,MOVR-EUR,1.6839,1.6876,1.68575,21.95,696.3,22.24,17095.71,16109.91,36003.67,20861.69,11.44,11.67,12.04,10.97,10.97,15.47
2026-10-07T08:50:21+00:00,PROM-EUR,4.8962,4.9064,4.9013,20.81,1530.0,162.78,7713.22,10462.96,24633.71,21920.1,10.41,14.31,19.96,10.41,10.41,10.92
2026-10-07T08:50:21+00:00,LTC-EUR,60.262,60.279,60.2705,2.82,100.0,96.69,110369.41,77629.94,158199.22,105264.45,1.46,2.61,6.15,1.41,1.54,2.08
2026-10-07T08:50:21+00:00,ICP-EUR,2.8723,2.875,2.87365,9.4,5714.56,99.42,34597.89,28360.78,55592.97,39363.03,4.71,6.83,9.4,4.7,4.7,4.7
2026-10-07T08:50:21+00:00,PENGU-EUR,0.0078699,0.0078776,0.00787375,9.78,871.3,872.15,35662.91,40082.72,68905.14,63090.35,4.89,4.89,5.13,4.89,4.89,4.96
2026-10-07T08:50:21+00:00,RAY-EUR,1.94821,1.95145,1.94983,16.62,247.84,248.25,21039.02,22125.23,45108.44,28958.7,8.31,8.33,9.12,8.31,8.33,8.95
2026-10-07T08:50:21+00:00,SPX-EUR,0.36186,0.36229,0.362075,11.88,580.29,123.91,34001.3,30519.8,42242.29,34088.75,5.94,6.15,7.24,5.94,5.94,8.66
2026-10-07T08:50:21+00:00,JUP-EUR,0.29345,0.29372,0.293585,9.2,618.56,198.92,22863.79,30576.6,50133.13,40385.86,4.6,5.21,6.33,4.6,4.6,5.47
2026-10-07T08:50:21+00:00,LPT-EUR,1.5304,1.5352,1.5328,31.32,140.63,200.56,5676.51,1829.55,16176.81,4433.3,15.66,23.14,33.59,15.66,16.7,26.55
2026-10-07T08:50:21+00:00,ARB-EUR,0.16752,0.1677,0.16761,10.74,5453.17,584.67,42778.91,37047.65,58965.69,44553.48,5.37,5.37,9.15,5.37,5.37,5.37
2026-10-07T08:55:21+00:00,BTC-EUR,75019.0,75020.0,75019.5,0.13,915.44,1333.6,2165917.89,1890481.98,2834768.58,2152351.15,0.07,0.07,0.11,0.07,0.07,0.14
2026-10-07T08:55:21+00:00,XRP-EUR,1.3066,1.30661,1.306605,0.08,1503.32,7145.85,760758.84,692724.86,1366199.42,1050808.5,0.04,0.04,0.04,0.04,0.04,0.08
2026-10-07T08:55:21+00:00,ADA-EUR,0.22916,0.22924,0.2292,3.49,353.75,458.48,312586.99,234419.29,389715.98,285505.55,1.75,1.78,2.08,1.75,1.87,2.93
2026-10-07T08:55:21+00:00,ETH-EUR,2332.46,2332.47,2332.465,0.04,2043.05,687.36,941791.21,837978.59,1374460.14,1146462.29,0.02,0.02,0.08,0.02,0.02,0.02
2026-10-07T08:55:21+00:00,SOL-EUR,105.733,105.734,105.7335,0.09,1826.67,37067.14,355616.11,417059.23,529630.82,577050.91,0.05,0.05,0.05,0.05,0.05,0.16
2026-10-07T08:55:21+00:00,QNT-EUR,225.497,225.643,225.57,6.47,365.53,806.38,98391.1,73182.31,159319.55,94058.83,3.24,3.24,5.52,3.24,3.61,4.73
2026-10-07T08:55:21+00:00,HYPE-EUR,81.028,81.048,81.038,2.47,1308.46,1350.02,234874.8,276040.07,324059.79,382481.84,1.23,1.23,1.27,1.23,1.23,1.57
2026-10-07T08:55:21+00:00,NEAR-EUR,4.6132,4.6154,4.6143,4.77,367.61,268.19,88883.32,112131.4,143194.1,148620.34,2.38,2.48,4.07,2.38,2.73,3.45
2026-10-07T08:55:21+00:00,TAO-EUR,268.89,269.01,268.95,4.46,208.24,12.24,157631.22,178478.06,197812.56,281780.64,2.56,2.59,3.0,2.23,2.91,3.83
2026-10-07T08:55:21+00:00,SUI-EUR,1.01447,1.01454,1.014505,0.69,3765.01,275.48,183428.15,170815.85,249092.36,233241.54,0.34,0.79,1.71,0.34,0.34,0.34
2026-10-07T08:55:21+00:00,AVAX-EUR,10.0099,10.0126,10.01125,2.7,100.0,596.05,151283.5,144577.17,199015.8,181085.08,1.35,1.35,1.77,1.35,1.96,2.68
2026-10-07T08:55:21+00:00,RLC-EUR,0.68791,0.68897,0.68844,15.4,2678.31,1800.0,15047.36,13213.55,27012.76,27034.22,7.7,7.7,7.9,7.7,7.7,7.7
2026-10-07T08:55:21+00:00,FET-EUR,0.20759,0.2082,0.207895,29.34,336.48,12.13,33422.66,26558.13,53656.82,29058.13,15.09,15.43,18.54,14.67,14.83,15.07
2026-10-07T08:55:21+00:00,ZEUS-EUR,0.0077437,0.0077999,0.0077718,72.31,364.04,1831.34,751.75,9687.66,3359.67,9687.66,36.16,36.16,36.17,36.16,36.19,51.21
2026-10-07T08:55:21+00:00,PUMP-EUR,0.0058543,0.0058586,0.00585645,7.34,323.45,813.08,70781.48,74336.76,90947.03,83602.29,3.67,3.67,3.77,3.67,4.03,5.22
2026-10-07T08:55:21+00:00,ORCA-EUR,2.59496,2.60192,2.59844,26.79,1530.0,642.35,11240.94,10107.72,22862.88,20039.55,13.39,13.39,13.42,13.39,13.39,14.75
2026-10-07T08:55:21+00:00,WLD-EUR,0.46778,0.46795,0.467865,3.63,18.13,96.0,137158.13,106335.76,204459.32,131259.68,1.87,2.92,3.93,1.99,2.02,2.03
2026-10-07T08:55:21+00:00,LINK-EUR,12.2186,12.2211,12.21985,2.05,100.0,692.66,151199.16,155633.49,212244.34,211427.3,1.02,1.02,1.18,1.02,1.09,3.49
2026-10-07T08:55:21+00:00,ENA-EUR,0.21151,0.21163,0.21157,5.67,100.0,112.08,62272.49,53606.71,79361.33,60608.88,2.84,3.2,3.81,2.84,3.21,3.28
2026-10-07T08:55:21+00:00,HBAR-EUR,0.0851,0.085135,0.0851175,4.11,49.44,148.08,99214.49,75861.85,153284.72,105186.12,2.06,2.15,2.85,2.12,2.96,4.57
2026-10-07T08:55:21+00:00,NMR-EUR,14.9115,14.9716,14.94155,40.22,60.25,357.97,2538.41,6835.31,15566.35,16487.6,20.11,20.13,25.15,20.14,20.25,34.67
2026-10-07T08:55:21+00:00,ONDO-EUR,0.41957,0.41976,0.419665,4.53,387.65,417.18,99020.97,48125.14,120076.2,53310.75,2.26,2.3,3.0,2.26,2.69,3.8
2026-10-07T08:55:21+00:00,RENDER-EUR,1.8609,1.8623,1.8616,7.52,349.06,245.45,35761.97,25997.33,55500.16,28634.12,3.76,5.63,9.49,3.76,4.25,5.61
2026-10-07T08:55:21+00:00,CAP-EUR,0.077212,0.0774065,0.07730925,25.16,24.53,13.39,12229.86,13240.09,33383.62,28247.63,25.37,26.96,27.25,12.59,12.59,12.6
2026-10-07T08:55:21+00:00,DOGE-EUR,0.080921,0.080937,0.080929,1.98,196.77,14.39,108656.6,118694.77,164864.92,145972.11,1.09,1.11,2.21,0.99,1.07,1.53
2026-10-07T08:55:21+00:00,XLM-EUR,0.18317,0.18321,0.18319,2.18,896.32,831.15,114472.97,109410.46,141440.35,128432.9,1.09,1.09,2.34,1.09,1.09,1.39
2026-10-07T08:55:21+00:00,PEPE-EUR,3.6752e-06,3.6778e-06,3.6765e-06,7.07,892.24,892.87,105471.94,66727.09,122342.81,69766.66,3.54,3.54,3.93,3.54,3.54,3.69
2026-10-07T08:55:21+00:00,INJ-EUR,6.7191,6.7271,6.7231,11.9,2855.35,100.0,29602.79,25707.99,51972.53,33777.93,5.95,6.37,6.61,5.95,5.95,5.95
2026-10-07T08:55:21+00:00,UNI-EUR,7.2505,7.256,7.25325,7.58,535.84,885.24,58096.86,49953.11,84135.99,60216.14,3.79,3.79,5.02,3.79,3.79,3.99
2026-10-07T08:55:21+00:00,ZRO-EUR,1.9906,1.9934,1.992,14.06,755.89,12.01,21639.44,20537.58,38662.45,23755.89,7.47,7.52,11.08,7.03,7.03,8.28
2026-10-07T08:55:21+00:00,PNT-EUR,0.041959,0.042555,0.042257,141.04,79.13,18.03,0.0,0.0,230.54,104.63,84.41,174.16,232.22,70.57,237.27,527.8
2026-10-07T08:55:21+00:00,DOT-EUR,1.0053,1.0063,1.0058,9.94,5365.78,1000.0,60583.38,36100.58,110145.6,52044.2,4.97,4.97,9.19,4.97,4.97,4.97
2026-10-07T08:55:21+00:00,USELESS-EUR,0.191671,0.192042,0.1918565,19.34,162.54,162.85,20416.18,16793.88,45389.42,30305.83,9.67,11.88,16.9,9.67,9.86,11.54
2026-10-07T08:55:21+00:00,TRB-EUR,18.321,18.345,18.333,13.09,100.0,198.99,13966.98,6256.55,28220.76,16934.41,6.55,8.6,12.86,6.55,7.86,10.11
2026-10-07T08:55:21+00:00,PARTI-EUR,0.030964,0.03103,0.030997,21.29,1800.0,247.93,13274.33,9053.98,31506.05,15408.48,10.65,10.86,16.02,10.65,10.65,11.42
2026-10-07T08:55:21+00:00,MOVR-EUR,1.6742,1.6799,1.67705,33.99,682.55,379.93,19209.93,18345.69,36363.68,21263.73,16.99,17.14,17.48,16.99,16.99,19.26
2026-10-07T08:55:21+00:00,PROM-EUR,4.8963,4.9099,4.9031,27.74,1530.0,250.0,6957.69,11193.39,26378.93,16285.86,13.87,13.97,14.8,13.87,13.87,14.05
2026-10-07T08:55:21+00:00,LTC-EUR,60.186,60.203,60.1945,2.82,100.0,82.89,109949.43,73768.35,154236.57,93711.97,1.87,4.13,6.08,1.41,1.54,1.75
2026-10-07T08:55:21+00:00,PENGU-EUR,0.0078635,0.0078706,0.00786705,9.02,870.59,1317.98,33267.24,40574.23,63981.92,57726.24,4.51,4.51,4.76,4.51,4.51,4.58
2026-10-07T08:55:21+00:00,ICP-EUR,2.865,2.867,2.866,6.98,9989.85,198.97,33376.55,28562.84,55069.53,39564.46,3.49,4.33,6.89,3.49,3.49,3.49
2026-10-07T08:55:21+00:00,RAY-EUR,1.94591,1.94807,1.94699,11.09,247.55,49.0,21449.81,22186.01,42450.39,28914.77,5.81,6.3,8.73,5.55,5.57,5.74
2026-10-07T08:55:21+00:00,JUP-EUR,0.29204,0.29252,0.29228,16.42,100.0,198.98,26065.47,27459.69,46997.37,44686.53,8.21,8.83,9.14,8.21,8.49,8.54
2026-10-07T08:55:21+00:00,SPX-EUR,0.36155,0.36179,0.36167,6.64,23.84,124.06,38405.61,36244.07,51134.94,39719.25,3.32,3.69,6.19,3.53,3.58,5.95
2026-10-07T08:55:21+00:00,LPT-EUR,1.5348,1.5398,1.5373,32.52,109.62,201.16,4345.13,1758.9,11260.5,4531.18,16.26,24.77,34.77,16.26,17.55,29.53
2026-10-07T08:55:21+00:00,TIA-EUR,0.40722,0.40802,0.40762,19.63,5809.67,404.22,27968.34,23686.46,47007.37,26449.83,9.81,9.86,13.25,9.81,9.81,9.81
2026-10-07T09:00:21+00:00,BTC-EUR,74982.0,74983.0,74982.5,0.13,5564.1,28205.36,2139394.35,2034456.62,2845350.93,2116669.04,0.07,0.07,0.07,0.07,0.07,0.07
2026-10-07T09:00:21+00:00,XRP-EUR,1.30615,1.30628,1.306215,1.0,1009.01,2923.19,972441.16,785213.39,1356245.71,1050247.22,0.5,0.5,0.5,0.5,0.5,0.61
2026-10-07T09:00:21+00:00,ADA-EUR,0.2289,0.22896,0.22893,2.62,929.68,422.78,332665.29,225564.11,369675.79,294515.45,1.31,1.38,1.65,1.31,1.31,1.56
2026-10-07T09:00:21+00:00,ETH-EUR,2331.1,2331.11,2331.105,0.04,1666.86,6055.81,1139568.14,854713.45,1391213.85,1163211.56,0.02,0.02,0.02,0.02,0.02,0.04
2026-10-07T09:00:21+00:00,SOL-EUR,105.6,105.605,105.6025,0.47,1900.73,1001.48,392571.49,377498.26,583238.97,585361.67,0.24,0.24,0.38,0.24,0.24,0.28
2026-10-07T09:00:21+00:00,QNT-EUR,225.546,225.607,225.5765,2.7,52.58,16.18,84605.26,75070.89,144642.11,100097.97,1.39,1.42,1.95,5.41,9.01,10.02
2026-10-07T09:00:21+00:00,HYPE-EUR,80.865,80.877,80.871,1.48,100.0,1347.95,279183.39,303269.81,332522.45,359729.79,0.74,0.74,1.19,0.74,0.84,1.57
2026-10-07T09:00:21+00:00,NEAR-EUR,4.6012,4.604,4.6026,6.08,288.27,11.91,98977.56,124274.51,138447.04,158346.76,3.23,3.56,4.36,3.04,3.94,5.74
2026-10-07T09:00:21+00:00,TAO-EUR,268.08,268.18,268.13,3.73,1169.49,193.96,172799.76,171563.22,200772.37,284234.27,1.86,2.09,2.2,1.86,1.86,2.58
2026-10-07T09:00:21+00:00,SUI-EUR,1.01229,1.01252,1.012405,2.27,100.0,225.54,214334.78,174057.64,242364.52,237635.17,1.14,1.73,2.23,1.14,1.24,1.65
2026-10-07T09:00:21+00:00,AVAX-EUR,9.9818,9.9848,9.9833,3.01,100.0,211.02,184623.24,116827.68,219738.03,153256.25,1.5,2.08,3.36,1.5,2.06,2.99
2026-10-07T09:00:21+00:00,RLC-EUR,0.69047,0.69308,0.691775,37.73,238.84,2692.75,12704.43,10596.4,20219.95,18096.4,18.86,18.86,18.86,18.86,18.94,23.87
2026-10-07T09:00:21+00:00,FET-EUR,0.20728,0.20792,0.2076,30.83,331.49,12.3,20201.79,25010.34,36555.89,27510.34,15.84,15.88,15.89,15.41,16.39,17.83
2026-10-07T09:00:21+00:00,ZEUS-EUR,0.0075144,0.0076459,0.00758015,173.48,695.41,48.98,0.0,0.0,2658.61,310.49,86.81,108.97,198.36,86.74,86.74,88.89
2026-10-07T09:00:21+00:00,PUMP-EUR,0.00579,0.005792,0.005791,3.45,27294.59,63.91,90950.42,76199.04,108324.9,83890.66,1.79,1.88,3.27,1.73,1.73,1.73
2026-10-07T09:00:21+00:00,ORCA-EUR,2.58742,2.59519,2.591305,29.98,100.0,578.88,7502.1,8413.03,22459.05,18955.06,14.99,14.99,15.02,14.99,15.02,15.06
2026-10-07T09:00:21+00:00,WLD-EUR,0.46697,0.46709,0.46703,2.57,1559.25,74.39,133716.47,116424.28,180103.14,139095.32,2.67,6.48,8.19,1.28,1.28,1.62
2026-10-07T09:00:21+00:00,LINK-EUR,12.2109,12.2158,12.21335,4.01,100.0,709.32,156423.87,148351.52,217032.16,172435.14,2.01,2.01,2.06,2.01,2.07,2.77
2026-10-07T09:00:21+00:00,ENA-EUR,0.21098,0.2111,0.21104,5.69,100.0,198.99,56983.39,58833.34,80405.33,63601.59,2.84,3.13,4.25,2.84,3.22,3.29
2026-10-07T09:00:21+00:00,HBAR-EUR,0.084873,0.084901,0.084887,3.3,241.56,48.27,96510.31,77191.53,144098.64,108152.35,1.71,1.84,1.87,1.65,2.37,3.82
2026-10-07T09:00:21+00:00,NMR-EUR,14.8356,14.9527,14.89415,78.62,49.05,826.98,458.54,2768.06,10992.58,7638.37,39.31,39.31,42.91,39.34,40.91,60.33
2026-10-07T09:00:21+00:00,ONDO-EUR,0.4188,0.41893,0.418865,3.1,415.98,415.12,101654.51,32234.48,131678.24,44192.81,1.55,1.59,2.62,1.55,1.99,3.63
2026-10-07T09:00:21+00:00,RENDER-EUR,1.8504,1.8532,1.8518,15.12,349.06,348.94,26405.27,23175.75,43292.01,26896.24,7.56,8.05,9.06,7.56,8.05,8.94
2026-10-07T09:00:21+00:00,CAP-EUR,0.0771807,0.0774447,0.0773127,34.15,23.95,2047.36,12897.2,12611.36,28915.77,24655.59,17.07,17.07,17.07,17.08,17.09,17.09
2026-10-07T09:00:21+00:00,DOGE-EUR,0.080804,0.08082,0.080812,1.98,961.87,202.05,111835.02,113263.11,164021.1,144658.23,0.99,1.07,2.18,0.99,0.99,1.38
2026-10-07T09:00:21+00:00,XLM-EUR,0.1829,0.18294,0.18292,2.19,84.07,904.78,115212.76,102127.94,157851.53,125895.08,1.09,1.09,1.61,1.18,1.97,2.54
2026-10-07T09:00:21+00:00,PEPE-EUR,3.6759e-06,3.676e-06,3.6759e-06,0.27,6253.43,5.25,87347.07,69471.77,101717.97,72511.69,5.81,6.06,6.51,0.14,0.14,0.14
2026-10-07T09:00:21+00:00,UNI-EUR,7.2307,7.236,7.23335,7.33,745.06,203.82,59181.07,49151.51,84618.75,68740.55,3.66,3.75,4.13,3.66,3.66,3.75
2026-10-07T09:00:21+00:00,INJ-EUR,6.703,6.7093,6.70615,9.39,11.4,100.0,29587.56,29595.94,52147.59,32212.85,4.7,5.12,5.36,5.49,5.57,5.59
2026-10-07T09:00:21+00:00,ZRO-EUR,1.9827,1.9855,1.9841,14.11,12.25,397.92,18130.24,18678.31,39297.31,21895.22,7.06,7.57,11.1,7.5,7.55,8.19
2026-10-07T09:00:21+00:00,PNT-EUR,0.042234,0.042409,0.0423215,41.35,9.92,168.82,135.54,260.83,273.14,350.41,20.68,59.96,188.78,44.95,117.7,349.5
2026-10-07T09:00:21+00:00,DOT-EUR,1.0027,1.0038,1.00325,10.96,5365.95,375.52,67809.57,41969.16,113241.87,57203.36,5.48,5.73,7.54,5.48,5.48,5.48
2026-10-07T09:00:21+00:00,USELESS-EUR,0.191628,0.192184,0.191906,28.97,162.5,162.98,18550.81,14330.48,45897.2,29232.14,14.49,15.39,19.92,14.49,14.7,15.38
2026-10-07T09:00:21+00:00,TRB-EUR,18.25,18.281,18.2655,16.97,199.01,198.96,14061.51,8903.08,19061.31,19568.65,8.49,9.8,10.61,8.49,9.43,13.75
2026-10-07T09:00:21+00:00,PARTI-EUR,0.030727,0.030811,0.030769,27.3,337.96,338.89,10677.12,13957.27,21891.59,18279.4,13.65,13.83,15.27,13.65,13.76,13.92
2026-10-07T09:00:21+00:00,MOVR-EUR,1.6722,1.6783,1.67525,36.41,10.76,12.07,16570.45,15383.33,28319.17,21565.76,18.73,18.79,18.8,18.74,18.79,18.8
2026-10-07T09:00:21+00:00,PROM-EUR,4.8768,4.8867,4.88175,20.28,100.0,48.16,7708.87,12989.67,31925.28,17610.86,10.25,13.41,17.09,10.14,10.3,10.35
2026-10-07T09:00:21+00:00,LTC-EUR,60.21,60.228,60.219,2.99,100.0,80.34,105990.43,73721.85,156025.15,100965.91,1.79,2.98,5.67,1.49,1.63,2.06
2026-10-07T09:00:21+00:00,PENGU-EUR,0.007839,0.0078445,0.00784175,7.01,2855.37,868.49,31344.58,42942.84,47471.77,60054.04,3.51,3.51,3.77,3.51,3.51,3.51
2026-10-07T09:00:21+00:00,ICP-EUR,2.8591,2.8604,2.85975,4.55,5718.91,37.94,31618.75,29537.78,47879.13,45853.17,2.49,2.6,2.62,2.27,2.27,2.27
2026-10-07T09:00:21+00:00,RAY-EUR,1.9325,1.93475,1.933625,11.64,221.36,246.13,19286.98,22388.87,41219.7,30517.01,5.82,5.97,6.7,5.82,6.75,9.71
2026-10-07T09:00:21+00:00,JUP-EUR,0.29163,0.29206,0.291845,14.73,100.0,198.98,32213.03,35663.15,60410.23,46162.2,7.37,7.78,8.23,7.37,7.64,9.06
2026-10-07T09:00:21+00:00,SPX-EUR,0.36148,0.36187,0.361675,10.78,366.78,100.0,32208.53,27316.2,45030.5,35522.74,5.39,5.61,7.35,5.39,6.5,9.87
2026-10-07T09:00:21+00:00,LPT-EUR,1.5294,1.5344,1.5319,32.64,115.84,200.46,9211.78,1823.65,21630.42,4427.45,16.32,21.8,29.12,16.32,17.09,21.3
2026-10-07T09:00:21+00:00,TIA-EUR,0.40632,0.40659,0.406455,6.64,5805.59,105.51,32237.75,20518.4,44982.65,23281.37,3.32,10.76,17.66,3.32,3.32,3.32
